"data","precip_media_mm"
2017-01-01,41.875
2017-01-02,5.38194444444444
2017-01-03,18.7083333333333
2017-01-04,11.6597222222222
2017-01-05,3.00694444444444
2017-01-06,0.319444444444444
2017-01-07,5.40277777777778
2017-01-08,0.611111111111111
2017-01-09,0.0833333333333333
2017-01-10,1.0625
2017-01-11,1.20138888888889
2017-01-12,0.673611111111111
2017-01-13,3.63888888888889
2017-01-14,3.86111111111111
2017-01-15,10.5277777777778
2017-01-16,10.2083333333333
2017-01-17,40.1458333333333
2017-01-18,1.70138888888889
2017-01-19,0
2017-01-20,3.25
2017-01-21,2.63888888888889
2017-01-22,1.73611111111111
2017-01-23,5.97916666666667
2017-01-24,0
2017-01-25,0.0833333333333333
2017-01-26,2.25
2017-01-27,3.20138888888889
2017-01-28,32.3263888888889
2017-01-29,0
2017-01-30,2.27777777777778
2017-01-31,35.9305555555556
2017-02-01,0
2017-02-02,15.125
2017-02-03,1.1875
2017-02-04,1.95833333333333
2017-02-05,20.8611111111111
2017-02-06,35.6041666666667
2017-02-07,0
2017-02-08,20.3611111111111
2017-02-09,6.39583333333333
2017-02-10,18.7361111111111
2017-02-11,6.25
2017-02-12,13.5694444444444
2017-02-13,0.125
2017-02-14,3.77083333333333
2017-02-15,28.1805555555556
2017-02-16,1.41666666666667
2017-02-17,0
2017-02-18,0.298611111111111
2017-02-19,0.541666666666667
2017-02-20,5.43055555555556
2017-02-21,48.2638888888889
2017-02-22,3.63194444444444
2017-02-23,0
2017-02-24,7.36805555555556
2017-02-25,1.45138888888889
2017-02-26,0.145833333333333
2017-02-27,3.60416666666667
2017-02-28,5.875
2017-03-01,4.17361111111111
2017-03-02,14.6041666666667
2017-03-03,4.06944444444444
2017-03-04,0.972222222222222
2017-03-05,0.819444444444444
2017-03-06,5.34027777777778
2017-03-07,2.50694444444444
2017-03-08,3.19444444444444
2017-03-09,1.83333333333333
2017-03-10,0.430555555555556
2017-03-11,1.40277777777778
2017-03-12,0.395833333333333
2017-03-13,9.8125
2017-03-14,15.2291666666667
2017-03-15,4.79861111111111
2017-03-16,0
2017-03-17,17.375
2017-03-18,0
2017-03-19,26.5972222222222
2017-03-20,6.15277777777778
2017-03-21,2.6875
2017-03-22,0
2017-03-23,0
2017-03-24,5.11111111111111
2017-03-25,2.21527777777778
2017-03-26,3.34722222222222
2017-03-27,0
2017-03-28,5.88888888888889
2017-03-29,1.95833333333333
2017-03-30,0.958333333333333
2017-03-31,1.875
2017-04-01,27.125
2017-04-02,0.00694444444444444
2017-04-03,1.28472222222222
2017-04-04,1.88888888888889
2017-04-05,2.52777777777778
2017-04-06,0.256944444444444
2017-04-07,40.8680555555556
2017-04-08,0
2017-04-09,0.277777777777778
2017-04-10,0.222222222222222
2017-04-11,1.02083333333333
2017-04-12,2.52083333333333
2017-04-13,0
2017-04-14,2.02777777777778
2017-04-15,0.0555555555555556
2017-04-16,2.51388888888889
2017-04-17,19.3958333333333
2017-04-18,8.43055555555556
2017-04-19,0.0555555555555556
2017-04-20,0
2017-04-21,0.972222222222222
2017-04-22,0.527777777777778
2017-04-23,3.53472222222222
2017-04-24,1.54166666666667
2017-04-25,0
2017-04-26,0.694444444444444
2017-04-27,1.31944444444444
2017-04-28,2.93055555555556
2017-04-29,0.0138888888888889
2017-04-30,0.0833333333333333
2017-05-01,0.6875
2017-05-02,0
2017-05-03,3.20833333333333
2017-05-04,0.25
2017-05-05,0.326388888888889
2017-05-06,0
2017-05-07,0
2017-05-08,0
2017-05-09,2.30555555555556
2017-05-10,0.0138888888888889
2017-05-11,0.0902777777777778
2017-05-12,0
2017-05-13,1.14583333333333
2017-05-14,8.23611111111111
2017-05-15,0
2017-05-16,0.208333333333333
2017-05-17,0.152777777777778
2017-05-18,0
2017-05-19,0.416666666666667
2017-05-20,0
2017-05-21,0.666666666666667
2017-05-22,0
2017-05-23,1.11805555555556
2017-05-24,7.55555555555556
2017-05-25,0
2017-05-26,0.25
2017-05-27,3.86111111111111
2017-05-28,6.73611111111111
2017-05-29,0.694444444444444
2017-05-30,0
2017-05-31,0
2017-06-01,0
2017-06-02,2.52777777777778
2017-06-03,4.43055555555556
2017-06-04,0.0138888888888889
2017-06-05,0.0277777777777778
2017-06-06,0.194444444444444
2017-06-07,2.98611111111111
2017-06-08,0
2017-06-09,0
2017-06-10,0
2017-06-11,0
2017-06-12,0
2017-06-13,0
2017-06-14,0
2017-06-15,0
2017-06-16,0
2017-06-17,0
2017-06-18,0
2017-06-19,0
2017-06-20,0
2017-06-21,0
2017-06-22,0
2017-06-23,0
2017-06-24,0
2017-06-25,0
2017-06-26,0
2017-06-27,0
2017-06-28,0
2017-06-29,0
2017-06-30,0
2017-07-01,0
2017-07-02,0
2017-07-03,0
2017-07-04,0
2017-07-05,0
2017-07-06,0
2017-07-07,0
2017-07-08,0
2017-07-09,0
2017-07-10,0
2017-07-11,0
2017-07-12,0
2017-07-13,0
2017-07-14,0
2017-07-15,0
2017-07-16,0
2017-07-17,0
2017-07-18,0
2017-07-19,0
2017-07-20,0
2017-07-21,0
2017-07-22,0
2017-07-23,0
2017-07-24,0
2017-07-25,0
2017-07-26,0
2017-07-27,0
2017-07-28,0
2017-07-29,0
2017-07-30,0
2017-07-31,0
2017-08-01,0
2017-08-02,0
2017-08-03,0
2017-08-04,0
2017-08-05,0
2017-08-06,0
2017-08-07,0
2017-08-08,0
2017-08-09,0.0138888888888889
2017-08-10,0
2017-08-11,0.333333333333333
2017-08-12,0.0208333333333333
2017-08-13,0
2017-08-14,0
2017-08-15,0
2017-08-16,0
2017-08-17,0
2017-08-18,8.34722222222222
2017-08-19,0
2017-08-20,0
2017-08-21,0
2017-08-22,0.0972222222222222
2017-08-23,0
2017-08-24,0
2017-08-25,0.277777777777778
2017-08-26,0
2017-08-27,0
2017-08-28,0
2017-08-29,0
2017-08-30,0
2017-08-31,2.98611111111111
2017-09-01,2.5625
2017-09-02,0.819444444444444
2017-09-03,1.18055555555556
2017-09-04,0
2017-09-05,0
2017-09-06,0
2017-09-07,0
2017-09-08,0.0138888888888889
2017-09-09,0
2017-09-10,2.23611111111111
2017-09-11,0.673611111111111
2017-09-12,0
2017-09-13,4.875
2017-09-14,0.222222222222222
2017-09-15,0
2017-09-16,0
2017-09-17,0
2017-09-18,0
2017-09-19,0.958333333333333
2017-09-20,0
2017-09-21,0
2017-09-22,0.430555555555556
2017-09-23,0
2017-09-24,0.625
2017-09-25,1.26388888888889
2017-09-26,17.5
2017-09-27,0.0416666666666667
2017-09-28,0.0694444444444444
2017-09-29,0.847222222222222
2017-09-30,0.111111111111111
2017-10-01,3.97222222222222
2017-10-02,0.736111111111111
2017-10-03,0.0277777777777778
2017-10-04,0.465277777777778
2017-10-05,0
2017-10-06,0.0138888888888889
2017-10-07,1.67361111111111
2017-10-08,0
2017-10-09,0.0208333333333333
2017-10-10,0
2017-10-11,0.0208333333333333
2017-10-12,0.569444444444444
2017-10-13,0
2017-10-14,16.6805555555556
2017-10-15,0.965277777777778
2017-10-16,0.131944444444444
2017-10-17,0.375
2017-10-18,6.27777777777778
2017-10-19,0.854166666666667
2017-10-20,0
2017-10-21,0.645833333333333
2017-10-22,0
2017-10-23,1.84722222222222
2017-10-24,0.0902777777777778
2017-10-25,0.25
2017-10-26,0
2017-10-27,2.125
2017-10-28,0
2017-10-29,1.43055555555556
2017-10-30,0.451388888888889
2017-10-31,3.45833333333333
2017-11-01,0
2017-11-02,0
2017-11-03,1.25
2017-11-04,0
2017-11-05,2.08333333333333
2017-11-06,23.2847222222222
2017-11-07,2.72916666666667
2017-11-08,0
2017-11-09,39.75
2017-11-10,11.9791666666667
2017-11-11,0.0694444444444444
2017-11-12,1.61111111111111
2017-11-13,1.20833333333333
2017-11-14,2.31944444444444
2017-11-15,0.0208333333333333
2017-11-16,8.875
2017-11-17,0
2017-11-18,2.95138888888889
2017-11-19,0.0625
2017-11-20,4.36111111111111
2017-11-21,1.33333333333333
2017-11-22,0.111111111111111
2017-11-23,0
2017-11-24,0.541666666666667
2017-11-25,12.4166666666667
2017-11-26,28.2361111111111
2017-11-27,0
2017-11-28,5.15972222222222
2017-11-29,4.94444444444444
2017-11-30,1.04166666666667
2017-12-01,5.33333333333333
2017-12-02,17.6180555555556
2017-12-03,0.0625
2017-12-04,1.95833333333333
2017-12-05,14.3680555555556
2017-12-06,5.22222222222222
2017-12-07,0.826388888888889
2017-12-08,0.416666666666667
2017-12-09,26.375
2017-12-10,16.5555555555556
2017-12-11,3.79166666666667
2017-12-12,5.97222222222222
2017-12-13,25.7430555555556
2017-12-14,0.5625
2017-12-15,10.2708333333333
2017-12-16,40.3472222222222
2017-12-17,5.88888888888889
2017-12-18,4.77083333333333
2017-12-19,22.1180555555556
2017-12-20,10.5555555555556
2017-12-21,10.7777777777778
2017-12-22,25.7708333333333
2017-12-23,14.7638888888889
2017-12-24,74.5416666666667
2017-12-25,4.51388888888889
2017-12-26,3.58333333333333
2017-12-27,1.02083333333333
2017-12-28,11.5208333333333
2017-12-29,1.24305555555556
2017-12-30,0.680555555555556
2017-12-31,15.7222222222222
2018-01-01,3.42361111111111
2018-01-02,0
2018-01-03,1.47916666666667
2018-01-04,21.7916666666667
2018-01-05,0
2018-01-06,0.145833333333333
2018-01-07,28.5833333333333
2018-01-08,0.159722222222222
2018-01-09,5.61111111111111
2018-01-10,0.0972222222222222
2018-01-11,27.7013888888889
2018-01-12,15.2222222222222
2018-01-13,0.763888888888889
2018-01-14,0
2018-01-15,0
2018-01-16,0.0972222222222222
2018-01-17,11.8611111111111
2018-01-18,1.68055555555556
2018-01-19,9.63888888888889
2018-01-20,0
2018-01-21,0.180555555555556
2018-01-22,2.57638888888889
2018-01-23,0.715277777777778
2018-01-24,4.31944444444444
2018-01-25,1.82638888888889
2018-01-26,12.7708333333333
2018-01-27,25.9027777777778
2018-01-28,5.33333333333333
2018-01-29,0.229166666666667
2018-01-30,15.1597222222222
2018-01-31,4.86111111111111
2018-02-01,14.25
2018-02-02,16.625
2018-02-03,54.0138888888889
2018-02-04,1.76388888888889
2018-02-05,4.9375
2018-02-06,13.2638888888889
2018-02-07,0.5
2018-02-08,15.9791666666667
2018-02-09,7.02777777777778
2018-02-10,0.506944444444444
2018-02-11,11.7638888888889
2018-02-12,1.77777777777778
2018-02-13,5.25
2018-02-14,2.08333333333333
2018-02-15,18.625
2018-02-16,1.00694444444444
2018-02-17,20.4305555555556
2018-02-18,8.52083333333333
2018-02-19,1.43055555555556
2018-02-20,9.52777777777778
2018-02-21,11.7847222222222
2018-02-22,1.69444444444444
2018-02-23,44.3125
2018-02-24,0.0694444444444444
2018-02-25,0.763888888888889
2018-02-26,0.0416666666666667
2018-02-27,2.23611111111111
2018-02-28,8.98611111111111
2018-03-01,0
2018-03-02,0
2018-03-03,1.40277777777778
2018-03-04,2.03472222222222
2018-03-05,2.63888888888889
2018-03-06,0.652777777777778
2018-03-07,2.27777777777778
2018-03-08,6.8125
2018-03-09,0.0138888888888889
2018-03-10,11.0208333333333
2018-03-11,8.63194444444444
2018-03-12,6.54166666666667
2018-03-13,4.18055555555556
2018-03-14,12.1180555555556
2018-03-15,2.71527777777778
2018-03-16,13.3055555555556
2018-03-17,0.611111111111111
2018-03-18,0.194444444444444
2018-03-19,1.01388888888889
2018-03-20,3.4375
2018-03-21,1.43055555555556
2018-03-22,1.30555555555556
2018-03-23,1.36111111111111
2018-03-24,6.39583333333333
2018-03-25,2.48611111111111
2018-03-26,0
2018-03-27,1.1875
2018-03-28,5.06944444444444
2018-03-29,1.11111111111111
2018-03-30,5.22222222222222
2018-03-31,0
2018-04-01,14.7222222222222
2018-04-02,0.847222222222222
2018-04-03,0.361111111111111
2018-04-04,20.1458333333333
2018-04-05,7.23611111111111
2018-04-06,0
2018-04-07,1.72916666666667
2018-04-08,0.819444444444444
2018-04-09,0.958333333333333
2018-04-10,8.57638888888889
2018-04-11,0.972222222222222
2018-04-12,6.07638888888889
2018-04-13,0
2018-04-14,0
2018-04-15,4.29861111111111
2018-04-16,8.32638888888889
2018-04-17,0
2018-04-18,0
2018-04-19,2.5625
2018-04-20,13.5763888888889
2018-04-21,0.6875
2018-04-22,0.361111111111111
2018-04-23,0.111111111111111
2018-04-24,0.25
2018-04-25,4.61111111111111
2018-04-26,13.5625
2018-04-27,0
2018-04-28,0
2018-04-29,0.659722222222222
2018-04-30,0.916666666666667
2018-05-01,3.24305555555556
2018-05-02,5.56944444444444
2018-05-03,0.243055555555556
2018-05-04,1.45833333333333
2018-05-05,0.472222222222222
2018-05-06,8.48611111111111
2018-05-07,4.76388888888889
2018-05-08,0.0277777777777778
2018-05-09,0
2018-05-10,0.0625
2018-05-11,0
2018-05-12,0.138888888888889
2018-05-13,2.84722222222222
2018-05-14,6.63888888888889
2018-05-15,0.152777777777778
2018-05-16,8.48611111111111
2018-05-17,0.0347222222222222
2018-05-18,0.166666666666667
2018-05-19,1.45833333333333
2018-05-20,2.63194444444444
2018-05-21,0.0902777777777778
2018-05-22,0.111111111111111
2018-05-23,0.770833333333333
2018-05-24,0.0694444444444444
2018-05-25,0.0138888888888889
2018-05-26,0
2018-05-27,0.541666666666667
2018-05-28,0
2018-05-29,0
2018-05-30,0
2018-05-31,0.125
2018-06-01,0
2018-06-02,0
2018-06-03,0
2018-06-04,0
2018-06-05,0
2018-06-06,0
2018-06-07,0
2018-06-08,0
2018-06-09,0.25
2018-06-10,0.930555555555556
2018-06-11,0.486111111111111
2018-06-12,0.208333333333333
2018-06-13,0
2018-06-14,0.0277777777777778
2018-06-15,0
2018-06-16,0
2018-06-17,0
2018-06-18,0
2018-06-19,0
2018-06-20,0
2018-06-21,0
2018-06-22,0.125
2018-06-23,0.430555555555556
2018-06-24,0
2018-06-25,0
2018-06-26,0
2018-06-27,0
2018-06-28,0
2018-06-29,0
2018-06-30,0
2018-07-01,0
2018-07-02,0
2018-07-03,0
2018-07-04,0
2018-07-05,0
2018-07-06,0
2018-07-07,0
2018-07-08,0
2018-07-09,0
2018-07-10,0
2018-07-11,0
2018-07-12,0
2018-07-13,0
2018-07-14,0
2018-07-15,0.0277777777777778
2018-07-16,0
2018-07-17,0
2018-07-18,0
2018-07-19,0
2018-07-20,0
2018-07-21,0
2018-07-22,0
2018-07-23,0
2018-07-24,0
2018-07-25,0
2018-07-26,0
2018-07-27,0
2018-07-28,0
2018-07-29,0
2018-07-30,0
2018-07-31,0
2018-08-01,0
2018-08-02,0
2018-08-03,0
2018-08-04,0.201388888888889
2018-08-05,0
2018-08-06,0
2018-08-07,0
2018-08-08,0
2018-08-09,1.19444444444444
2018-08-10,2.02777777777778
2018-08-11,0.270833333333333
2018-08-12,0
2018-08-13,0
2018-08-14,1.06944444444444
2018-08-15,2.65277777777778
2018-08-16,10.9305555555556
2018-08-17,0.111111111111111
2018-08-18,0.409722222222222
2018-08-19,0.604166666666667
2018-08-20,1.16666666666667
2018-08-21,7.39583333333333
2018-08-22,0
2018-08-23,0
2018-08-24,0
2018-08-25,0
2018-08-26,0
2018-08-27,0
2018-08-28,0
2018-08-29,0
2018-08-30,0.125
2018-08-31,0
2018-09-01,0.486111111111111
2018-09-02,4.08333333333333
2018-09-03,0
2018-09-04,0
2018-09-05,0
2018-09-06,0
2018-09-07,0
2018-09-08,0.0277777777777778
2018-09-09,0
2018-09-10,6.84722222222222
2018-09-11,0
2018-09-12,0.333333333333333
2018-09-13,0.666666666666667
2018-09-14,0
2018-09-15,0.0555555555555556
2018-09-16,0
2018-09-17,0.0416666666666667
2018-09-18,0
2018-09-19,0.00694444444444444
2018-09-20,0
2018-09-21,0.0277777777777778
2018-09-22,0.326388888888889
2018-09-23,0.118055555555556
2018-09-24,0.541666666666667
2018-09-25,0.611111111111111
2018-09-26,19.3472222222222
2018-09-27,4.375
2018-09-28,0.486111111111111
2018-09-29,3.47222222222222
2018-09-30,0.708333333333333
2018-10-01,0.347222222222222
2018-10-02,2.54166666666667
2018-10-03,6.76388888888889
2018-10-04,0
2018-10-05,0
2018-10-06,0
2018-10-07,0.611111111111111
2018-10-08,2.16666666666667
2018-10-09,0.0277777777777778
2018-10-10,0.208333333333333
2018-10-11,16.3472222222222
2018-10-12,15.0138888888889
2018-10-13,0
2018-10-14,0
2018-10-15,0.861111111111111
2018-10-16,0
2018-10-17,0
2018-10-18,0
2018-10-19,0
2018-10-20,1.95833333333333
2018-10-21,0
2018-10-22,0.875
2018-10-23,0.333333333333333
2018-10-24,3.36111111111111
2018-10-25,0.902777777777778
2018-10-26,0
2018-10-27,3.91666666666667
2018-10-28,0.888888888888889
2018-10-29,6.44444444444444
2018-10-30,3.31944444444444
2018-10-31,13.1458333333333
2018-11-01,0
2018-11-02,0.0416666666666667
2018-11-03,9.31944444444444
2018-11-04,0
2018-11-05,0.0972222222222222
2018-11-06,0.3125
2018-11-07,0.284722222222222
2018-11-08,0.430555555555556
2018-11-09,0.0486111111111111
2018-11-10,13.9375
2018-11-11,0.361111111111111
2018-11-12,0
2018-11-13,0
2018-11-14,0
2018-11-15,0
2018-11-16,0.0694444444444444
2018-11-17,0.354166666666667
2018-11-18,8.29166666666667
2018-11-19,2.29861111111111
2018-11-20,0
2018-11-21,8.22222222222222
2018-11-22,0.118055555555556
2018-11-23,28.5138888888889
2018-11-24,2.89583333333333
2018-11-25,25.9166666666667
2018-11-26,1.13888888888889
2018-11-27,0.722222222222222
2018-11-28,26.9444444444444
2018-11-29,1.42361111111111
2018-11-30,1.25694444444444
2018-12-01,0.0833333333333333
2018-12-02,7.88888888888889
2018-12-03,7.41666666666667
2018-12-04,0.263888888888889
2018-12-05,0.930555555555556
2018-12-06,0.229166666666667
2018-12-07,6.47916666666667
2018-12-08,12.0416666666667
2018-12-09,0
2018-12-10,0.930555555555556
2018-12-11,7.11111111111111
2018-12-12,1.38888888888889
2018-12-13,4.00694444444444
2018-12-14,0.527777777777778
2018-12-15,2.50694444444444
2018-12-16,1.69444444444444
2018-12-17,2.94444444444444
2018-12-18,0.222222222222222
2018-12-19,1.68055555555556
2018-12-20,7.33333333333333
2018-12-21,0
2018-12-22,9.76388888888889
2018-12-23,32.2222222222222
2018-12-24,1.56944444444444
2018-12-25,13.3333333333333
2018-12-26,0.298611111111111
2018-12-27,0.652777777777778
2018-12-28,63.9236111111111
2018-12-29,4.01388888888889
2018-12-30,7.08333333333333
2018-12-31,1.88194444444444
2019-01-01,44.3194444444444
2019-01-02,0.458333333333333
2019-01-03,2.875
2019-01-04,12.6944444444444
2019-01-05,3.95833333333333
2019-01-06,2.70138888888889
2019-01-07,10.5208333333333
2019-01-08,19.9027777777778
2019-01-09,18.5
2019-01-10,25.5277777777778
2019-01-11,0.256944444444444
2019-01-12,0.416666666666667
2019-01-13,15.0486111111111
2019-01-14,2.53472222222222
2019-01-15,0
2019-01-16,0
2019-01-17,3.91666666666667
2019-01-18,0.423611111111111
2019-01-19,15.3125
2019-01-20,1.16666666666667
2019-01-21,15.5972222222222
2019-01-22,40.1944444444444
2019-01-23,0.256944444444444
2019-01-24,0.0138888888888889
2019-01-25,0.986111111111111
2019-01-26,0.368055555555556
2019-01-27,13.0902777777778
2019-01-28,16.2083333333333
2019-01-29,0.631944444444444
2019-01-30,0.555555555555556
2019-01-31,1.19444444444444
2019-02-01,5.54861111111111
2019-02-02,0.0208333333333333
2019-02-03,23.0138888888889
2019-02-04,1.26736111111111
2019-02-05,2.6875
2019-02-06,45.9930555555556
2019-02-07,1.19444444444444
2019-02-08,2.54861111111111
2019-02-09,1.97916666666667
2019-02-10,8.74305555555556
2019-02-11,0.444444444444444
2019-02-12,7.13888888888889
2019-02-13,14.6111111111111
2019-02-14,13.9236111111111
2019-02-15,2.11111111111111
2019-02-16,20.4722222222222
2019-02-17,10.9791666666667
2019-02-18,4.77083333333333
2019-02-19,2.85416666666667
2019-02-20,2.07638888888889
2019-02-21,12.4722222222222
2019-02-22,0.333333333333333
2019-02-23,2.07638888888889
2019-02-24,4.65277777777778
2019-02-25,3.75
2019-02-26,0.0902777777777778
2019-02-27,5.40277777777778
2019-02-28,4.52083333333333
2019-03-01,17.6388888888889
2019-03-02,1.09722222222222
2019-03-03,0.270833333333333
2019-03-04,10.9097222222222
2019-03-05,15.6944444444444
2019-03-06,0.430555555555556
2019-03-07,0
2019-03-08,0.0138888888888889
2019-03-09,8.31944444444444
2019-03-10,6.94444444444444
2019-03-11,18.7013888888889
2019-03-12,0.666666666666667
2019-03-13,1.43055555555556
2019-03-14,0.152777777777778
2019-03-15,0.159722222222222
2019-03-16,13.5069444444444
2019-03-17,6.65277777777778
2019-03-18,0.986111111111111
2019-03-19,8.93055555555556
2019-03-20,1.05555555555556
2019-03-21,22.4722222222222
2019-03-22,7.92361111111111
2019-03-23,0.333333333333333
2019-03-24,9.41666666666667
2019-03-25,10.4166666666667
2019-03-26,0
2019-03-27,0.791666666666667
2019-03-28,0.388888888888889
2019-03-29,26.1875
2019-03-30,1.26388888888889
2019-03-31,0.527777777777778
2019-04-01,0
2019-04-02,1.05555555555556
2019-04-03,5.72222222222222
2019-04-04,0.944444444444444
2019-04-05,0.715277777777778
2019-04-06,13.5902777777778
2019-04-07,7.36805555555556
2019-04-08,0.00694444444444444
2019-04-09,4.875
2019-04-10,1.25694444444444
2019-04-11,0.25
2019-04-12,7.27083333333333
2019-04-13,0.173611111111111
2019-04-14,0
2019-04-15,0.979166666666667
2019-04-16,16.4444444444444
2019-04-17,0.152777777777778
2019-04-18,0.277777777777778
2019-04-19,2.48611111111111
2019-04-20,0.375
2019-04-21,2.125
2019-04-22,0
2019-04-23,7.61111111111111
2019-04-24,37.8055555555556
2019-04-25,0.8125
2019-04-26,1.47916666666667
2019-04-27,1.61805555555556
2019-04-28,8.47222222222222
2019-04-29,0.263888888888889
2019-04-30,0.00694444444444444
2019-05-01,0.277777777777778
2019-05-02,0.125
2019-05-03,4.96527777777778
2019-05-04,11.625
2019-05-05,4.75
2019-05-06,0
2019-05-07,0
2019-05-08,0
2019-05-09,0
2019-05-10,0
2019-05-11,0
2019-05-12,0.548611111111111
2019-05-13,2.25694444444444
2019-05-14,0.0972222222222222
2019-05-15,0.166666666666667
2019-05-16,0
2019-05-17,0.375
2019-05-18,1.88194444444444
2019-05-19,4.66666666666667
2019-05-20,0
2019-05-21,0
2019-05-22,0
2019-05-23,0
2019-05-24,0
2019-05-25,1.73611111111111
2019-05-26,1.26388888888889
2019-05-27,0.0277777777777778
2019-05-28,0
2019-05-29,1.11805555555556
2019-05-30,0
2019-05-31,0
2019-06-01,1.01388888888889
2019-06-02,0
2019-06-03,0.0138888888888889
2019-06-04,0.875
2019-06-05,0
2019-06-06,0
2019-06-07,0
2019-06-08,0.152777777777778
2019-06-09,0.0138888888888889
2019-06-10,0.0277777777777778
2019-06-11,0
2019-06-12,0
2019-06-13,0.0694444444444444
2019-06-14,0
2019-06-15,0
2019-06-16,0
2019-06-17,0
2019-06-18,0
2019-06-19,0
2019-06-20,0
2019-06-21,0
2019-06-22,0
2019-06-23,0
2019-06-24,0
2019-06-25,0
2019-06-26,0
2019-06-27,0
2019-06-28,0
2019-06-29,0
2019-06-30,0
2019-07-01,0
2019-07-02,0
2019-07-03,0
2019-07-04,0
2019-07-05,5.99305555555556
2019-07-06,0
2019-07-07,0
2019-07-08,0
2019-07-09,0
2019-07-10,0
2019-07-11,0
2019-07-12,0
2019-07-13,0
2019-07-14,0.0138888888888889
2019-07-15,0
2019-07-16,0
2019-07-17,0
2019-07-18,0
2019-07-19,0
2019-07-20,0
2019-07-21,0.180555555555556
2019-07-22,0
2019-07-23,0
2019-07-24,0
2019-07-25,0
2019-07-26,0
2019-07-27,0
2019-07-28,0
2019-07-29,0
2019-07-30,0
2019-07-31,0
2019-08-01,0
2019-08-02,0
2019-08-03,0
2019-08-04,0
2019-08-05,0
2019-08-06,0.430555555555556
2019-08-07,0
2019-08-08,0
2019-08-09,0
2019-08-10,0
2019-08-11,0
2019-08-12,0
2019-08-13,0
2019-08-14,0
2019-08-15,0
2019-08-16,0
2019-08-17,0
2019-08-18,0
2019-08-19,11.2638888888889
2019-08-20,0
2019-08-21,0.1875
2019-08-22,0
2019-08-23,0
2019-08-24,0
2019-08-25,0
2019-08-26,1.70138888888889
2019-08-27,0.291666666666667
2019-08-28,0.923611111111111
2019-08-29,0
2019-08-30,0
2019-08-31,0.0972222222222222
2019-09-01,0
2019-09-02,0.416666666666667
2019-09-03,0
2019-09-04,1.16666666666667
2019-09-05,2.38888888888889
2019-09-06,2.13888888888889
2019-09-07,1.29166666666667
2019-09-08,0
2019-09-09,0
2019-09-10,0
2019-09-11,0.222222222222222
2019-09-12,0
2019-09-13,0
2019-09-14,0
2019-09-15,0
2019-09-16,0
2019-09-17,0
2019-09-18,0
2019-09-19,0
2019-09-20,0
2019-09-21,0
2019-09-22,2.18055555555556
2019-09-23,0.152777777777778
2019-09-24,0.0694444444444444
2019-09-25,0
2019-09-26,0
2019-09-27,0
2019-09-28,11.4166666666667
2019-09-29,0
2019-09-30,0.194444444444444
2019-10-01,9.83333333333333
2019-10-02,0
2019-10-03,0
2019-10-04,0
2019-10-05,8.85416666666667
2019-10-06,0
2019-10-07,0
2019-10-08,8.89583333333333
2019-10-09,0
2019-10-10,0
2019-10-11,12.1805555555556
2019-10-12,0.222222222222222
2019-10-13,7.16666666666667
2019-10-14,0.861111111111111
2019-10-15,0.0763888888888889
2019-10-16,1.93055555555556
2019-10-17,0.0694444444444444
2019-10-18,12
2019-10-19,47.5555555555556
2019-10-20,0.0416666666666667
2019-10-21,0.263888888888889
2019-10-22,1.5625
2019-10-23,0
2019-10-24,0
2019-10-25,0.791666666666667
2019-10-26,14.0694444444444
2019-10-27,0
2019-10-28,0.208333333333333
2019-10-29,14.8055555555556
2019-10-30,1.14583333333333
2019-10-31,0.284722222222222
2019-11-01,0.0625
2019-11-02,37.2013888888889
2019-11-03,0.194444444444444
2019-11-04,0
2019-11-05,8.03472222222222
2019-11-06,0.972222222222222
2019-11-07,0.611111111111111
2019-11-08,0
2019-11-09,0.0694444444444444
2019-11-10,0.541666666666667
2019-11-11,3.5625
2019-11-12,0.173611111111111
2019-11-13,1.05555555555556
2019-11-14,10.4166666666667
2019-11-15,13.2916666666667
2019-11-16,23.1111111111111
2019-11-17,0.666666666666667
2019-11-18,2.5
2019-11-19,10.75
2019-11-20,4.95833333333333
2019-11-21,0.125
2019-11-22,24.8263888888889
2019-11-23,1.01388888888889
2019-11-24,0
2019-11-25,0.659722222222222
2019-11-26,0
2019-11-27,12.8888888888889
2019-11-28,1.41666666666667
2019-11-29,3.77777777777778
2019-11-30,0
2019-12-01,0.291666666666667
2019-12-02,2.65972222222222
2019-12-03,29.8819444444444
2019-12-04,0
2019-12-05,0.0138888888888889
2019-12-06,5.01388888888889
2019-12-07,14.3680555555556
2019-12-08,0.868055555555556
2019-12-09,1.33333333333333
2019-12-10,0.590277777777778
2019-12-11,4.38888888888889
2019-12-12,0.236111111111111
2019-12-13,3.84722222222222
2019-12-14,6.30555555555556
2019-12-15,1.90277777777778
2019-12-16,0.0138888888888889
2019-12-17,83.6805555555556
2019-12-18,1.98611111111111
2019-12-19,12.7430555555556
2019-12-20,1.27777777777778
2019-12-21,2.59722222222222
2019-12-22,0.291666666666667
2019-12-23,0
2019-12-24,23.0555555555556
2019-12-25,0.0833333333333333
2019-12-26,3.79166666666667
2019-12-27,0.0902777777777778
2019-12-28,3.625
2019-12-29,3.77083333333333
2019-12-30,18.7847222222222
2019-12-31,0.444444444444444
2020-01-01,32.5486111111111
2020-01-02,39.4166666666667
2020-01-03,3.57638888888889
2020-01-04,1.26388888888889
2020-01-05,3.40277777777778
2020-01-06,13.7083333333333
2020-01-07,1.40277777777778
2020-01-08,0
2020-01-09,1.17361111111111
2020-01-10,0.375
2020-01-11,1.46527777777778
2020-01-12,82.7291666666667
2020-01-13,0.6875
2020-01-14,6.625
2020-01-15,0
2020-01-16,0.0277777777777778
2020-01-17,3.59027777777778
2020-01-18,0
2020-01-19,3.52083333333333
2020-01-20,0
2020-01-21,0.243055555555556
2020-01-22,2.70833333333333
2020-01-23,3.94444444444444
2020-01-24,5.63888888888889
2020-01-25,1.64583333333333
2020-01-26,0
2020-01-27,0.305555555555556
2020-01-28,1.75
2020-01-29,15.8055555555556
2020-01-30,4.79861111111111
2020-01-31,11.9236111111111
2020-02-01,1.15277777777778
2020-02-02,3.66666666666667
2020-02-03,0.173611111111111
2020-02-04,19.9583333333333
2020-02-05,0.138888888888889
2020-02-06,0
2020-02-07,9.51388888888889
2020-02-08,12.3402777777778
2020-02-09,0
2020-02-10,7.23611111111111
2020-02-11,4.84027777777778
2020-02-12,0.243055555555556
2020-02-13,24.3888888888889
2020-02-14,1.97916666666667
2020-02-15,2.22916666666667
2020-02-16,7.34722222222222
2020-02-17,1.40972222222222
2020-02-18,1.99305555555556
2020-02-19,4.58333333333333
2020-02-20,19.4097222222222
2020-02-21,8.35416666666667
2020-02-22,8.61111111111111
2020-02-23,3.97916666666667
2020-02-24,9.45833333333333
2020-02-25,4.45833333333333
2020-02-26,0.583333333333333
2020-02-27,29.3611111111111
2020-02-28,36.9444444444444
2020-02-29,0.819444444444444
2020-03-01,27.375
2020-03-02,19.1180555555556
2020-03-03,2.25694444444444
2020-03-04,0.916666666666667
2020-03-05,5.79861111111111
2020-03-06,0.951388888888889
2020-03-07,0.472222222222222
2020-03-08,13.2986111111111
2020-03-09,14.2986111111111
2020-03-10,18.625
2020-03-11,5.29166666666667
2020-03-12,15.0277777777778
2020-03-13,5.125
2020-03-14,41.3472222222222
2020-03-15,2.60416666666667
2020-03-16,0
2020-03-17,0.972222222222222
2020-03-18,3.625
2020-03-19,1.88888888888889
2020-03-20,1.77777777777778
2020-03-21,2
2020-03-22,0.527777777777778
2020-03-23,58.2569444444444
2020-03-24,0.152777777777778
2020-03-25,0.368055555555556
2020-03-26,15.7222222222222
2020-03-27,15.1041666666667
2020-03-28,1.41666666666667
2020-03-29,0
2020-03-30,23.5555555555556
2020-03-31,1.84027777777778
2020-04-01,13.0277777777778
2020-04-02,0.638888888888889
2020-04-03,2.83333333333333
2020-04-04,1.27777777777778
2020-04-05,0.0486111111111111
2020-04-06,0.00694444444444444
2020-04-07,1.14583333333333
2020-04-08,8.19444444444444
2020-04-09,0.00694444444444444
2020-04-10,8.02777777777778
2020-04-11,7.05555555555556
2020-04-12,13.1180555555556
2020-04-13,0
2020-04-14,39.7083333333333
2020-04-15,3.44444444444444
2020-04-16,2.06944444444444
2020-04-17,10.8263888888889
2020-04-18,7.61805555555556
2020-04-19,40.4097222222222
2020-04-20,1.40277777777778
2020-04-21,1.13194444444444
2020-04-22,3.96527777777778
2020-04-23,0.0138888888888889
2020-04-24,1.22916666666667
2020-04-25,1.64583333333333
2020-04-26,2.23611111111111
2020-04-27,11.8888888888889
2020-04-28,14.5763888888889
2020-04-29,0.0416666666666667
2020-04-30,0.604166666666667
2020-05-01,0.215277777777778
2020-05-02,2.02083333333333
2020-05-03,0
2020-05-04,0
2020-05-05,0
2020-05-06,3.43055555555556
2020-05-07,3.54166666666667
2020-05-08,0
2020-05-09,0
2020-05-10,0.0486111111111111
2020-05-11,0
2020-05-12,0.5
2020-05-13,0.166666666666667
2020-05-14,14.9166666666667
2020-05-15,6.5
2020-05-16,0
2020-05-17,0.0138888888888889
2020-05-18,0.0694444444444444
2020-05-19,2.68055555555556
2020-05-20,26.0555555555556
2020-05-21,0
2020-05-22,2.13194444444444
2020-05-23,0.0138888888888889
2020-05-24,0
2020-05-25,0
2020-05-26,0
2020-05-27,0
2020-05-28,0
2020-05-29,0
2020-05-30,0
2020-05-31,3.04166666666667
2020-06-01,2.43055555555556
2020-06-02,0
2020-06-03,0
2020-06-04,1.5
2020-06-05,3.72222222222222
2020-06-06,0.361111111111111
2020-06-07,1.38194444444444
2020-06-08,0
2020-06-09,0
2020-06-10,0
2020-06-11,0
2020-06-12,0
2020-06-13,1.38194444444444
2020-06-14,0.319444444444444
2020-06-15,0
2020-06-16,0
2020-06-17,0
2020-06-18,0
2020-06-19,0
2020-06-20,0
2020-06-21,0
2020-06-22,0
2020-06-23,0
2020-06-24,0
2020-06-25,0
2020-06-26,0
2020-06-27,0
2020-06-28,0
2020-06-29,0
2020-06-30,0
2020-07-01,3.55555555555556
2020-07-02,16.1527777777778
2020-07-03,7.63888888888889
2020-07-04,1.46527777777778
2020-07-05,0
2020-07-06,0
2020-07-07,0.0902777777777778
2020-07-08,0
2020-07-09,0
2020-07-10,0
2020-07-11,0
2020-07-12,0
2020-07-13,0
2020-07-14,0
2020-07-15,0
2020-07-16,0
2020-07-17,0
2020-07-18,0
2020-07-19,0
2020-07-20,0
2020-07-21,0
2020-07-22,0
2020-07-23,0
2020-07-24,0
2020-07-25,0
2020-07-26,0
2020-07-27,0
2020-07-28,0
2020-07-29,0
2020-07-30,0
2020-07-31,0
2020-08-01,0
2020-08-02,0
2020-08-03,0
2020-08-04,0
2020-08-05,0
2020-08-06,0
2020-08-07,0
2020-08-08,0
2020-08-09,0
2020-08-10,0
2020-08-11,0
2020-08-12,0
2020-08-13,0
2020-08-14,0
2020-08-15,0
2020-08-16,0
2020-08-17,0.354166666666667
2020-08-18,0
2020-08-19,0
2020-08-20,0
2020-08-21,0
2020-08-22,0
2020-08-23,0
2020-08-24,0
2020-08-25,0
2020-08-26,0
2020-08-27,0
2020-08-28,15.9444444444444
2020-08-29,0
2020-08-30,0.409722222222222
2020-08-31,0
2020-09-01,0
2020-09-02,0.534722222222222
2020-09-03,0
2020-09-04,4.81944444444444
2020-09-05,0
2020-09-06,0
2020-09-07,0
2020-09-08,0
2020-09-09,0
2020-09-10,2.27777777777778
2020-09-11,0
2020-09-12,0
2020-09-13,0
2020-09-14,0
2020-09-15,0
2020-09-16,0
2020-09-17,0
2020-09-18,0
2020-09-19,0
2020-09-20,8.08333333333333
2020-09-21,3.52777777777778
2020-09-22,0.0138888888888889
2020-09-23,14.5138888888889
2020-09-24,0
2020-09-25,5.88888888888889
2020-09-26,7.20138888888889
2020-09-27,0.00694444444444444
2020-09-28,0
2020-09-29,0
2020-09-30,2.44444444444444
2020-10-01,12.8263888888889
2020-10-02,0.375
2020-10-03,0
2020-10-04,0
2020-10-05,3.93055555555556
2020-10-06,0.0555555555555556
2020-10-07,10.7222222222222
2020-10-08,0.375
2020-10-09,0
2020-10-10,0
2020-10-11,0.375
2020-10-12,0.0416666666666667
2020-10-13,0
2020-10-14,10.625
2020-10-15,0
2020-10-16,0
2020-10-17,0.395833333333333
2020-10-18,1.22222222222222
2020-10-19,6.98611111111111
2020-10-20,0.166666666666667
2020-10-21,0
2020-10-22,2.40277777777778
2020-10-23,0
2020-10-24,2.01388888888889
2020-10-25,3.11111111111111
2020-10-26,0
2020-10-27,0
2020-10-28,0
2020-10-29,0
2020-10-30,1.14583333333333
2020-10-31,3.08333333333333
2020-11-01,23.125
2020-11-02,0
2020-11-03,4.15277777777778
2020-11-04,13.9861111111111
2020-11-05,0
2020-11-06,0
2020-11-07,0.833333333333333
2020-11-08,0
2020-11-09,5.65972222222222
2020-11-10,0.00694444444444444
2020-11-11,3.91666666666667
2020-11-12,0.0555555555555556
2020-11-13,8.40277777777778
2020-11-14,0.458333333333333
2020-11-15,1.06944444444444
2020-11-16,0.861111111111111
2020-11-17,20.7638888888889
2020-11-18,13.7708333333333
2020-11-19,0
2020-11-20,0.236111111111111
2020-11-21,0.916666666666667
2020-11-22,0.0138888888888889
2020-11-23,0.416666666666667
2020-11-24,0
2020-11-25,5.875
2020-11-26,5.43055555555556
2020-11-27,3.31944444444444
2020-11-28,0
2020-11-29,1.25
2020-11-30,3.48611111111111
2020-12-01,1.66666666666667
2020-12-02,0.236111111111111
2020-12-03,0
2020-12-04,3.05555555555556
2020-12-05,20.8194444444444
2020-12-06,0.805555555555556
2020-12-07,4.56944444444444
2020-12-08,0
2020-12-09,0.472222222222222
2020-12-10,19.2430555555556
2020-12-11,21.2222222222222
2020-12-12,0
2020-12-13,0
2020-12-14,0.222222222222222
2020-12-15,6.49305555555556
2020-12-16,1.02083333333333
2020-12-17,0
2020-12-18,6.375
2020-12-19,4.25
2020-12-20,0.0138888888888889
2020-12-21,0.541666666666667
2020-12-22,12.8680555555556
2020-12-23,2.36805555555556
2020-12-24,0
2020-12-25,4.5
2020-12-26,6.3125
2020-12-27,5.41666666666667
2020-12-28,0
2020-12-29,14.9166666666667
2020-12-30,6.22222222222222
2020-12-31,0.201388888888889
2021-01-01,0.0416666666666667
2021-01-02,0.180555555555556
2021-01-03,9.05555555555556
2021-01-04,10.8194444444444
2021-01-05,4.77777777777778
2021-01-06,0.0833333333333333
2021-01-07,0
2021-01-08,4.38888888888889
2021-01-09,2.45138888888889
2021-01-10,61.6111111111111
2021-01-11,0.159722222222222
2021-01-12,0.263888888888889
2021-01-13,3.22222222222222
2021-01-14,1.39583333333333
2021-01-15,17.5902777777778
2021-01-16,14.2847222222222
2021-01-17,0.256944444444444
2021-01-18,5.52777777777778
2021-01-19,33.9861111111111
2021-01-20,2.17361111111111
2021-01-21,52.9513888888889
2021-01-22,0.798611111111111
2021-01-23,12.6319444444444
2021-01-24,0.277777777777778
2021-01-25,9.79861111111111
2021-01-26,0
2021-01-27,17.75
2021-01-28,1.55555555555556
2021-01-29,0.118055555555556
2021-01-30,21.4027777777778
2021-01-31,1.0625
2021-02-01,0
2021-02-02,4.72222222222222
2021-02-03,2.31944444444444
2021-02-04,0.930555555555556
2021-02-05,2.98611111111111
2021-02-06,0
2021-02-07,2.6875
2021-02-08,3.65277777777778
2021-02-09,9.54166666666667
2021-02-10,33.75
2021-02-11,15.9444444444444
2021-02-12,3.44444444444444
2021-02-13,0.0555555555555556
2021-02-14,13.1319444444444
2021-02-15,0.201388888888889
2021-02-16,2.96527777777778
2021-02-17,28.3055555555556
2021-02-18,2.36111111111111
2021-02-19,1.59722222222222
2021-02-20,25.5277777777778
2021-02-21,8.4375
2021-02-22,0.326388888888889
2021-02-23,7.39583333333333
2021-02-24,3.30555555555556
2021-02-25,25.0347222222222
2021-02-26,4.27083333333333
2021-02-27,0.881944444444444
2021-02-28,33.4444444444444
2021-03-01,20
2021-03-02,19.7777777777778
2021-03-03,7.35416666666667
2021-03-04,2.4375
2021-03-05,22.3888888888889
2021-03-06,2.44444444444444
2021-03-07,0.3125
2021-03-08,2.86111111111111
2021-03-09,12.2222222222222
2021-03-10,31.3611111111111
2021-03-11,0.194444444444444
2021-03-12,1.8125
2021-03-13,0.604166666666667
2021-03-14,24.25
2021-03-15,0.111111111111111
2021-03-16,0.451388888888889
2021-03-17,0.0694444444444444
2021-03-18,11.2916666666667
2021-03-19,2.30555555555556
2021-03-20,5.63194444444444
2021-03-21,0.298611111111111
2021-03-22,0.715277777777778
2021-03-23,14.1666666666667
2021-03-24,1.375
2021-03-25,1.61111111111111
2021-03-26,0
2021-03-27,2.03472222222222
2021-03-28,0
2021-03-29,6.79166666666667
2021-03-30,0
2021-03-31,7.86805555555556
2021-04-01,1.11805555555556
2021-04-02,0.243055555555556
2021-04-03,29.6111111111111
2021-04-04,9.15972222222222
2021-04-05,0.0486111111111111
2021-04-06,0.638888888888889
2021-04-07,4.84027777777778
2021-04-08,12.125
2021-04-09,10.3055555555556
2021-04-10,0
2021-04-11,6.88194444444444
2021-04-12,2.08333333333333
2021-04-13,0
2021-04-14,10.5972222222222
2021-04-15,6.60416666666667
2021-04-16,0.145833333333333
2021-04-17,0.652777777777778
2021-04-18,7.31944444444444
2021-04-19,5.91666666666667
2021-04-20,0.631944444444444
2021-04-21,7.45833333333333
2021-04-22,9.91666666666667
2021-04-23,0.180555555555556
2021-04-24,0
2021-04-25,0.270833333333333
2021-04-26,0.458333333333333
2021-04-27,0
2021-04-28,0.527777777777778
2021-04-29,0.0138888888888889
2021-04-30,0.0138888888888889
2021-05-01,6.19444444444444
2021-05-02,2.34027777777778
2021-05-03,1.77777777777778
2021-05-04,0.152777777777778
2021-05-05,0.722222222222222
2021-05-06,10.0347222222222
2021-05-07,1.02777777777778
2021-05-08,0
2021-05-09,0
2021-05-10,7.54166666666667
2021-05-11,8.72222222222222
2021-05-12,0.152777777777778
2021-05-13,1.65972222222222
2021-05-14,0
2021-05-15,0.0694444444444444
2021-05-16,0
2021-05-17,0
2021-05-18,0
2021-05-19,0
2021-05-20,3.27777777777778
2021-05-21,3.36111111111111
2021-05-22,0
2021-05-23,2.71527777777778
2021-05-24,2.88888888888889
2021-05-25,0
2021-05-26,0
2021-05-27,0
2021-05-28,0
2021-05-29,0
2021-05-30,0
2021-05-31,0
2021-06-01,0
2021-06-02,0
2021-06-03,0
2021-06-04,0
2021-06-05,0
2021-06-06,0
2021-06-07,0
2021-06-08,0
2021-06-09,0.00694444444444444
2021-06-10,0
2021-06-11,0
2021-06-12,0
2021-06-13,0
2021-06-14,0
2021-06-15,0
2021-06-16,0
2021-06-17,0
2021-06-18,0
2021-06-19,0
2021-06-20,21.7430555555556
2021-06-21,3.44444444444444
2021-06-22,1.875
2021-06-23,0
2021-06-24,0
2021-06-25,0
2021-06-26,0
2021-06-27,0
2021-06-28,2.4375
2021-06-29,1.47222222222222
2021-06-30,0
2021-07-01,0
2021-07-02,0
2021-07-03,0
2021-07-04,0
2021-07-05,0
2021-07-06,0
2021-07-07,0
2021-07-08,0
2021-07-09,0
2021-07-10,0
2021-07-11,0
2021-07-12,0
2021-07-13,0
2021-07-14,0
2021-07-15,0
2021-07-16,0
2021-07-17,0
2021-07-18,0.5
2021-07-19,0
2021-07-20,0
2021-07-21,0
2021-07-22,0
2021-07-23,0
2021-07-24,0
2021-07-25,0
2021-07-26,0
2021-07-27,0
2021-07-28,0
2021-07-29,0
2021-07-30,0
2021-07-31,0
2021-08-01,0
2021-08-02,0
2021-08-03,0.0625
2021-08-04,0
2021-08-05,0
2021-08-06,0
2021-08-07,0
2021-08-08,0
2021-08-09,0
2021-08-10,0
2021-08-11,0
2021-08-12,0
2021-08-13,0
2021-08-14,0
2021-08-15,0
2021-08-16,0.506944444444444
2021-08-17,0
2021-08-18,0
2021-08-19,0
2021-08-20,0
2021-08-21,0
2021-08-22,0
2021-08-23,0
2021-08-24,0
2021-08-25,0
2021-08-26,0.222222222222222
2021-08-27,0
2021-08-28,1.79166666666667
2021-08-29,0.0138888888888889
2021-08-30,3.36111111111111
2021-08-31,11.7638888888889
2021-09-01,0.25
2021-09-02,12.625
2021-09-03,0.0694444444444444
2021-09-04,0.319444444444444
2021-09-05,0
2021-09-06,0.319444444444444
2021-09-07,1.41666666666667
2021-09-08,0.555555555555556
2021-09-09,0
2021-09-10,6.22222222222222
2021-09-11,1.68055555555556
2021-09-12,0.527777777777778
2021-09-13,1.22222222222222
2021-09-14,0.152777777777778
2021-09-15,1.04861111111111
2021-09-16,0.3125
2021-09-17,0.243055555555556
2021-09-18,12.8263888888889
2021-09-19,1.02083333333333
2021-09-20,0
2021-09-21,0.111111111111111
2021-09-22,0
2021-09-23,0
2021-09-24,0.201388888888889
2021-09-25,6.18055555555556
2021-09-26,0
2021-09-27,0.138888888888889
2021-09-28,0.347222222222222
2021-09-29,0.625
2021-09-30,0
2021-10-01,18.0138888888889
2021-10-02,0.180555555555556
2021-10-03,0
2021-10-04,0
2021-10-05,0
2021-10-06,0
2021-10-07,0
2021-10-08,0.194444444444444
2021-10-09,0
2021-10-10,0
2021-10-11,0
2021-10-12,21.4236111111111
2021-10-13,0
2021-10-14,7.54166666666667
2021-10-15,0.00694444444444444
2021-10-16,0.0277777777777778
2021-10-17,35.8888888888889
2021-10-18,9.29166666666667
2021-10-19,0
2021-10-20,0
2021-10-21,0.0486111111111111
2021-10-22,8.26388888888889
2021-10-23,0
2021-10-24,0
2021-10-25,43.6527777777778
2021-10-26,0.569444444444444
2021-10-27,20.9166666666667
2021-10-28,0.0416666666666667
2021-10-29,1.16666666666667
2021-10-30,0
2021-10-31,2.23611111111111
2021-11-01,4.16666666666667
2021-11-02,0
2021-11-03,2.76388888888889
2021-11-04,2.79166666666667
2021-11-05,0
2021-11-06,7.5
2021-11-07,3.13888888888889
2021-11-08,6.04166666666667
2021-11-09,1.40277777777778
2021-11-10,8.5625
2021-11-11,10.375
2021-11-12,28.1736111111111
2021-11-13,13.3680555555556
2021-11-14,4.66666666666667
2021-11-15,0
2021-11-16,1.5625
2021-11-17,2.55555555555556
2021-11-18,0.270833333333333
2021-11-19,0
2021-11-20,11.7013888888889
2021-11-21,8.375
2021-11-22,10.7777777777778
2021-11-23,0
2021-11-24,2.84722222222222
2021-11-25,30.1597222222222
2021-11-26,0
2021-11-27,13.1527777777778
2021-11-28,28.9097222222222
2021-11-29,0.229166666666667
2021-11-30,0
2021-12-01,9.625
2021-12-02,26.8333333333333
2021-12-03,0.895833333333333
2021-12-04,0.625
2021-12-05,7.20138888888889
2021-12-06,2.79166666666667
2021-12-07,51.5694444444444
2021-12-08,5.33333333333333
2021-12-09,16.7916666666667
2021-12-10,2.5
2021-12-11,0.548611111111111
2021-12-12,9.36111111111111
2021-12-13,8.84722222222222
2021-12-14,2.99305555555556
2021-12-15,0.305555555555556
2021-12-16,25.9375
2021-12-17,15.1319444444444
2021-12-18,10.5833333333333
2021-12-19,9.79166666666667
2021-12-20,1.41666666666667
2021-12-21,32.625
2021-12-22,20.6944444444444
2021-12-23,0.111111111111111
2021-12-24,23.5069444444444
2021-12-25,6.26388888888889
2021-12-26,2
2021-12-27,0.833333333333333
2021-12-28,36.5555555555556
2021-12-29,0.923611111111111
2021-12-30,2.76388888888889
2021-12-31,19.9583333333333
2022-01-01,0.00694444444444444
2022-01-02,9.77777777777778
2022-01-03,1.09722222222222
2022-01-04,3.83333333333333
2022-01-05,42.9791666666667
2022-01-06,0.625
2022-01-07,4.68055555555556
2022-01-08,12.4722222222222
2022-01-09,7.10416666666667
2022-01-10,3.13888888888889
2022-01-11,0.527777777777778
2022-01-12,0
2022-01-13,0
2022-01-14,22.7083333333333
2022-01-15,0
2022-01-16,7.49305555555556
2022-01-17,0.0833333333333333
2022-01-18,0
2022-01-19,0.0277777777777778
2022-01-20,0.513888888888889
2022-01-21,0.875
2022-01-22,6.61111111111111
2022-01-23,0.444444444444444
2022-01-24,7.88888888888889
2022-01-25,0.194444444444444
2022-01-26,5.92361111111111
2022-01-27,2.04166666666667
2022-01-28,3.63888888888889
2022-01-29,8.125
2022-01-30,1.59027777777778
2022-01-31,0.1875
2022-02-01,0
2022-02-02,4.52777777777778
2022-02-03,0.138888888888889
2022-02-04,0.659722222222222
2022-02-05,13.6597222222222
2022-02-06,0
2022-02-07,0.840277777777778
2022-02-08,0
2022-02-09,2.50694444444444
2022-02-10,0.527777777777778
2022-02-11,0
2022-02-12,6.72916666666667
2022-02-13,2.90972222222222
2022-02-14,1.53472222222222
2022-02-15,12.1875
2022-02-16,5.04166666666667
2022-02-17,3.59722222222222
2022-02-18,4.24305555555556
2022-02-19,6.59027777777778
2022-02-20,5.19444444444444
2022-02-21,0.0763888888888889
2022-02-22,0
2022-02-23,2.36805555555556
2022-02-24,2.51388888888889
2022-02-25,7.98611111111111
2022-02-26,1.60416666666667
2022-02-27,2.09027777777778
2022-02-28,0.541666666666667
2022-03-01,0
2022-03-02,0.958333333333333
2022-03-03,0
2022-03-04,36.4166666666667
2022-03-05,23.3472222222222
2022-03-06,0.423611111111111
2022-03-07,0
2022-03-08,79.4722222222222
2022-03-09,0
2022-03-10,1.38888888888889
2022-03-11,0
2022-03-12,0
2022-03-13,1.1875
2022-03-14,2.51388888888889
2022-03-15,4.58333333333333
2022-03-16,0.00694444444444444
2022-03-17,4.29861111111111
2022-03-18,3.09027777777778
2022-03-19,1.48611111111111
2022-03-20,11.1041666666667
2022-03-21,11.4027777777778
2022-03-22,0.375
2022-03-23,12.8888888888889
2022-03-24,0.993055555555556
2022-03-25,9.51388888888889
2022-03-26,1.22222222222222
2022-03-27,4.54861111111111
2022-03-28,4.90277777777778
2022-03-29,4.15277777777778
2022-03-30,15.4791666666667
2022-03-31,2.46527777777778
2022-04-01,6.17361111111111
2022-04-02,27.7777777777778
2022-04-03,0.0833333333333333
2022-04-04,0.0833333333333333
2022-04-05,7.14583333333333
2022-04-06,0.00694444444444444
2022-04-07,0
2022-04-08,6.02083333333333
2022-04-09,0.527777777777778
2022-04-10,0.979166666666667
2022-04-11,1.40277777777778
2022-04-12,0
2022-04-13,5.13888888888889
2022-04-14,2.79861111111111
2022-04-15,15.0416666666667
2022-04-16,0
2022-04-17,0.444444444444444
2022-04-18,7.625
2022-04-19,17.9444444444444
2022-04-20,4.45833333333333
2022-04-21,0.0902777777777778
2022-04-22,0.111111111111111
2022-04-23,0
2022-04-24,0.3125
2022-04-25,0
2022-04-26,0.319444444444444
2022-04-27,0
2022-04-28,0
2022-04-29,1.63194444444444
2022-04-30,0
2022-05-01,0
2022-05-02,0.388888888888889
2022-05-03,0.180555555555556
2022-05-04,0.0833333333333333
2022-05-05,3.23611111111111
2022-05-06,0
2022-05-07,4.41666666666667
2022-05-08,0.729166666666667
2022-05-09,0
2022-05-10,0.0833333333333333
2022-05-11,0
2022-05-12,0
2022-05-13,0
2022-05-14,15.2361111111111
2022-05-15,0
2022-05-16,19.2152777777778
2022-05-17,0.541666666666667
2022-05-18,0
2022-05-19,0
2022-05-20,0
2022-05-21,0
2022-05-22,0
2022-05-23,0
2022-05-24,0
2022-05-25,0
2022-05-26,0
2022-05-27,0
2022-05-28,0
2022-05-29,0.805555555555556
2022-05-30,0
2022-05-31,0
2022-06-01,0
2022-06-02,0
2022-06-03,0.0555555555555556
2022-06-04,0
2022-06-05,0
2022-06-06,0.722222222222222
2022-06-07,0.25
2022-06-08,0.0138888888888889
2022-06-09,0
2022-06-10,29.6458333333333
2022-06-11,2.16666666666667
2022-06-12,0
2022-06-13,0.513888888888889
2022-06-14,0
2022-06-15,0.569444444444444
2022-06-16,1.26388888888889
2022-06-17,0.715277777777778
2022-06-18,0
2022-06-19,0.694444444444444
2022-06-20,0
2022-06-21,0
2022-06-22,0
2022-06-23,0
2022-06-24,0
2022-06-25,0
2022-06-26,0
2022-06-27,0
2022-06-28,0
2022-06-29,0
2022-06-30,0
2022-07-01,0
2022-07-02,0.597222222222222
2022-07-03,0
2022-07-04,0
2022-07-05,0.298611111111111
2022-07-06,0
2022-07-07,0
2022-07-08,0
2022-07-09,0
2022-07-10,0
2022-07-11,0.194444444444444
2022-07-12,0
2022-07-13,0
2022-07-14,0
2022-07-15,0
2022-07-16,0.125
2022-07-17,0
2022-07-18,0
2022-07-19,0
2022-07-20,0
2022-07-21,0
2022-07-22,0
2022-07-23,0.819444444444444
2022-07-24,0
2022-07-25,0
2022-07-26,0
2022-07-27,0
2022-07-28,0
2022-07-29,0
2022-07-30,0
2022-07-31,0
2022-08-01,0
2022-08-02,0
2022-08-03,0
2022-08-04,1.95833333333333
2022-08-05,0
2022-08-06,0.0416666666666667
2022-08-07,0
2022-08-08,1.31944444444444
2022-08-09,4.74305555555556
2022-08-10,1.41666666666667
2022-08-11,0.0694444444444444
2022-08-12,0
2022-08-13,0
2022-08-14,0.402777777777778
2022-08-15,0.451388888888889
2022-08-16,0
2022-08-17,0
2022-08-18,0
2022-08-19,0
2022-08-20,0
2022-08-21,0
2022-08-22,0
2022-08-23,0
2022-08-24,0
2022-08-25,1.27777777777778
2022-08-26,0
2022-08-27,0
2022-08-28,3.125
2022-08-29,0.0138888888888889
2022-08-30,0
2022-08-31,0
2022-09-01,0
2022-09-02,2.59722222222222
2022-09-03,0
2022-09-04,0
2022-09-05,0
2022-09-06,0
2022-09-07,0.805555555555556
2022-09-08,0
2022-09-09,3.26388888888889
2022-09-10,0
2022-09-11,0
2022-09-12,1.45833333333333
2022-09-13,2.79166666666667
2022-09-14,1.86111111111111
2022-09-15,0
2022-09-16,0
2022-09-17,0
2022-09-18,9.36111111111111
2022-09-19,15.0416666666667
2022-09-20,0
2022-09-21,0
2022-09-22,0
2022-09-23,0.291666666666667
2022-09-24,0
2022-09-25,0
2022-09-26,0.305555555555556
2022-09-27,0
2022-09-28,4.31944444444444
2022-09-29,0
2022-09-30,2.29166666666667
2022-10-01,11.2916666666667
2022-10-02,1.125
2022-10-03,0.416666666666667
2022-10-04,0.243055555555556
2022-10-05,0.986111111111111
2022-10-06,0.819444444444444
2022-10-07,0
2022-10-08,1.73611111111111
2022-10-09,0
2022-10-10,0.222222222222222
2022-10-11,7.76388888888889
2022-10-12,4.76388888888889
2022-10-13,18
2022-10-14,6.61111111111111
2022-10-15,2.93055555555556
2022-10-16,0.430555555555556
2022-10-17,3.22222222222222
2022-10-18,0
2022-10-19,0.0833333333333333
2022-10-20,0.125
2022-10-21,0.263888888888889
2022-10-22,13.9166666666667
2022-10-23,4.30555555555556
2022-10-24,0.798611111111111
2022-10-25,17.9166666666667
2022-10-26,16.2013888888889
2022-10-27,0.125
2022-10-28,2.52083333333333
2022-10-29,1.54166666666667
2022-10-30,0
2022-10-31,0
2022-11-01,12.2777777777778
2022-11-02,30.8194444444444
2022-11-03,0
2022-11-04,0
2022-11-05,0
2022-11-06,0
2022-11-07,0
2022-11-08,0
2022-11-09,0
2022-11-10,0
2022-11-11,0.486111111111111
2022-11-12,0
2022-11-13,0
2022-11-14,0.0972222222222222
2022-11-15,1.73611111111111
2022-11-16,0.923611111111111
2022-11-17,0.0486111111111111
2022-11-18,0.0277777777777778
2022-11-19,3.23611111111111
2022-11-20,0
2022-11-21,0
2022-11-22,6.03472222222222
2022-11-23,1.95833333333333
2022-11-24,0
2022-11-25,3.1875
2022-11-26,5.82638888888889
2022-11-27,5.59722222222222
2022-11-28,58.8333333333333
2022-11-29,1.95833333333333
2022-11-30,0
2022-12-01,0
2022-12-02,5.14583333333333
2022-12-03,55.1875
2022-12-04,0.0138888888888889
2022-12-05,23.5416666666667
2022-12-06,0.868055555555556
2022-12-07,0.0138888888888889
2022-12-08,2.54861111111111
2022-12-09,1.48611111111111
2022-12-10,0
2022-12-11,1.44444444444444
2022-12-12,1.29861111111111
2022-12-13,25.8819444444444
2022-12-14,0.159722222222222
2022-12-15,0
2022-12-16,6.05555555555556
2022-12-17,1.92361111111111
2022-12-18,1.44444444444444
2022-12-19,0.0138888888888889
2022-12-20,2.51388888888889
2022-12-21,13.5277777777778
2022-12-22,7.65277777777778
2022-12-23,3.83333333333333
2022-12-24,0.201388888888889
2022-12-25,2.19444444444444
2022-12-26,3.65972222222222
2022-12-27,20.6458333333333
2022-12-28,0.5
2022-12-29,0.611111111111111
2022-12-30,15.4583333333333
2022-12-31,0.555555555555556
2023-01-01,0
2023-01-02,25.4097222222222
2023-01-03,2.8125
2023-01-04,9.04861111111111
2023-01-05,0.291666666666667
2023-01-06,13.125
2023-01-07,3.43055555555556
2023-01-08,1.63194444444444
2023-01-09,18.5208333333333
2023-01-10,0.208333333333333
2023-01-11,6.02083333333333
2023-01-12,0.118055555555556
2023-01-13,10.7361111111111
2023-01-14,5.60416666666667
2023-01-15,7.77083333333333
2023-01-16,1.22916666666667
2023-01-17,2.50694444444444
2023-01-18,0.0763888888888889
2023-01-19,0.236111111111111
2023-01-20,0.6875
2023-01-21,17.1736111111111
2023-01-22,5.52777777777778
2023-01-23,30.2013888888889
2023-01-24,8.57638888888889
2023-01-25,0.5625
2023-01-26,28.4861111111111
2023-01-27,1.95833333333333
2023-01-28,7.81944444444444
2023-01-29,19.4097222222222
2023-01-30,0.145833333333333
2023-01-31,3.29166666666667
2023-02-01,4.20833333333333
2023-02-02,5.125
2023-02-03,1.26388888888889
2023-02-04,1.14583333333333
2023-02-05,0.638888888888889
2023-02-06,7.44444444444444
2023-02-07,4.02083333333333
2023-02-08,3.23611111111111
2023-02-09,9.22916666666667
2023-02-10,5.98611111111111
2023-02-11,11.5277777777778
2023-02-12,5.91666666666667
2023-02-13,26.3194444444444
2023-02-14,0.659722222222222
2023-02-15,0.173611111111111
2023-02-16,1.65277777777778
2023-02-17,3.84722222222222
2023-02-18,2.6875
2023-02-19,0.881944444444444
2023-02-20,35.9166666666667
2023-02-21,8.22222222222222
2023-02-22,9.81944444444444
2023-02-23,0.0208333333333333
2023-02-24,0
2023-02-25,10.7638888888889
2023-02-26,0.409722222222222
2023-02-27,2.18055555555556
2023-02-28,0.381944444444444
2023-03-01,0.868055555555556
2023-03-02,2.02083333333333
2023-03-03,0
2023-03-04,0.444444444444444
2023-03-05,12.5972222222222
2023-03-06,2.5625
2023-03-07,6.97222222222222
2023-03-08,0.0694444444444444
2023-03-09,0.611111111111111
2023-03-10,0.388888888888889
2023-03-11,0
2023-03-12,40.25
2023-03-13,13.3194444444444
2023-03-14,0.340277777777778
2023-03-15,0.763888888888889
2023-03-16,1.75694444444444
2023-03-17,1.72222222222222
2023-03-18,3.36111111111111
2023-03-19,19.5416666666667
2023-03-20,20.5277777777778
2023-03-21,8.13194444444444
2023-03-22,1.89583333333333
2023-03-23,2.22222222222222
2023-03-24,1.43055555555556
2023-03-25,0
2023-03-26,34.8611111111111
2023-03-27,0
2023-03-28,4.65277777777778
2023-03-29,3.54166666666667
2023-03-30,1.04166666666667
2023-03-31,0
2023-04-01,0.138888888888889
2023-04-02,3.19444444444444
2023-04-03,0.0208333333333333
2023-04-04,0.0555555555555556
2023-04-05,3.80555555555556
2023-04-06,36.3611111111111
2023-04-07,2.25
2023-04-08,0
2023-04-09,0.270833333333333
2023-04-10,3.36805555555556
2023-04-11,0.0763888888888889
2023-04-12,0.777777777777778
2023-04-13,0.409722222222222
2023-04-14,0.131944444444444
2023-04-15,0.340277777777778
2023-04-16,1.63888888888889
2023-04-17,0.0625
2023-04-18,0.430555555555556
2023-04-19,0
2023-04-20,3.38194444444444
2023-04-21,0.1875
2023-04-22,4.45138888888889
2023-04-23,1.79166666666667
2023-04-24,0
2023-04-25,0.0972222222222222
2023-04-26,0.972222222222222
2023-04-27,0
2023-04-28,0
2023-04-29,0.861111111111111
2023-04-30,0
2023-05-01,0
2023-05-02,0.0555555555555556
2023-05-03,0
2023-05-04,0
2023-05-05,2.43055555555556
2023-05-06,2.11111111111111
2023-05-07,3.5625
2023-05-08,20.1597222222222
2023-05-09,15.3611111111111
2023-05-10,0.1875
2023-05-11,0
2023-05-12,0
2023-05-13,1.875
2023-05-14,0
2023-05-15,0
2023-05-16,0
2023-05-17,0
2023-05-18,1.08333333333333
2023-05-19,0.798611111111111
2023-05-20,0
2023-05-21,4.18055555555556
2023-05-22,0
2023-05-23,5.625
2023-05-24,12.4861111111111
2023-05-25,3.40277777777778
2023-05-26,0.0694444444444444
2023-05-27,0
2023-05-28,0
2023-05-29,0
2023-05-30,0
2023-05-31,0
2023-06-01,2.30555555555556
2023-06-02,1.16666666666667
2023-06-03,0
2023-06-04,0
2023-06-05,0.729166666666667
2023-06-06,0.361111111111111
2023-06-07,0
2023-06-08,5.63888888888889
2023-06-09,1.38888888888889
2023-06-10,0
2023-06-11,0.0347222222222222
2023-06-12,0
2023-06-13,0
2023-06-14,0.125
2023-06-15,0
2023-06-16,0
2023-06-17,0
2023-06-18,0
2023-06-19,0
2023-06-20,0
2023-06-21,0
2023-06-22,0
2023-06-23,0
2023-06-24,0
2023-06-25,0
2023-06-26,0
2023-06-27,0
2023-06-28,0
2023-06-29,0
2023-06-30,0
2023-07-01,0
2023-07-02,0
2023-07-03,0
2023-07-04,0
2023-07-05,0
2023-07-06,0
2023-07-07,0
2023-07-08,0
2023-07-09,0
2023-07-10,0
2023-07-11,0
2023-07-12,0
2023-07-13,0
2023-07-14,2.72222222222222
2023-07-15,0
2023-07-16,0
2023-07-17,0
2023-07-18,0
2023-07-19,0
2023-07-20,0
2023-07-21,0
2023-07-22,0
2023-07-23,0
2023-07-24,0
2023-07-25,0
2023-07-26,0
2023-07-27,0
2023-07-28,0
2023-07-29,0
2023-07-30,0
2023-07-31,0
2023-08-01,0
2023-08-02,0
2023-08-03,0
2023-08-04,0
2023-08-05,0
2023-08-06,0
2023-08-07,0.145833333333333
2023-08-08,0
2023-08-09,0
2023-08-10,0
2023-08-11,0
2023-08-12,0.277777777777778
2023-08-13,0
2023-08-14,0
2023-08-15,0
2023-08-16,0
2023-08-17,0.166666666666667
2023-08-18,0.430555555555556
2023-08-19,0
2023-08-20,0
2023-08-21,0
2023-08-22,0
2023-08-23,0
2023-08-24,0
2023-08-25,3.45833333333333
2023-08-26,0
2023-08-27,3.68055555555556
2023-08-28,0
2023-08-29,0
2023-08-30,0
2023-08-31,0
2023-09-01,0
2023-09-02,0
2023-09-03,0
2023-09-04,0
2023-09-05,0
2023-09-06,0
2023-09-07,0.277777777777778
2023-09-08,3.88888888888889
2023-09-09,0
2023-09-10,0
2023-09-11,0
2023-09-12,0.263888888888889
2023-09-13,0
2023-09-14,0
2023-09-15,0
2023-09-16,0
2023-09-17,2.29166666666667
2023-09-18,11.1111111111111
2023-09-19,0
2023-09-20,1.53472222222222
2023-09-21,7.86111111111111
2023-09-22,0
2023-09-23,0
2023-09-24,0
2023-09-25,0
2023-09-26,0
2023-09-27,0
2023-09-28,4.47222222222222
2023-09-29,0
2023-09-30,0
2023-10-01,0
2023-10-02,0
2023-10-03,0
2023-10-04,1.63888888888889
2023-10-05,0.5
2023-10-06,0
2023-10-07,0.333333333333333
2023-10-08,0
2023-10-09,0
2023-10-10,0
2023-10-11,1.13888888888889
2023-10-12,0
2023-10-13,3.91666666666667
2023-10-14,47.1736111111111
2023-10-15,0
2023-10-16,1.47222222222222
2023-10-17,0.736111111111111
2023-10-18,0
2023-10-19,0.25
2023-10-20,0.972222222222222
2023-10-21,0
2023-10-22,0
2023-10-23,5.48611111111111
2023-10-24,0
2023-10-25,0
2023-10-26,0.611111111111111
2023-10-27,0.0694444444444444
2023-10-28,0
2023-10-29,0
2023-10-30,2.41666666666667
2023-10-31,0
2023-11-01,0.166666666666667
2023-11-02,1.13888888888889
2023-11-03,0
2023-11-04,3.40972222222222
2023-11-05,0.25
2023-11-06,0
2023-11-07,31.125
2023-11-08,2.30555555555556
2023-11-09,0
2023-11-10,0
2023-11-11,9.97222222222222
2023-11-12,1.13888888888889
2023-11-13,0
2023-11-14,0
2023-11-15,0
2023-11-16,0
2023-11-17,0
2023-11-18,0
2023-11-19,0
2023-11-20,10.8194444444444
2023-11-21,0.0208333333333333
2023-11-22,0
2023-11-23,0.0416666666666667
2023-11-24,0.4375
2023-11-25,17.1666666666667
2023-11-26,2.84027777777778
2023-11-27,0.0902777777777778
2023-11-28,21.7638888888889
2023-11-29,0.0138888888888889
2023-11-30,0
2023-12-01,0.361111111111111
2023-12-02,6.58333333333333
2023-12-03,0.666666666666667
2023-12-04,13.0694444444444
2023-12-05,0
2023-12-06,7.44444444444444
2023-12-07,0.0277777777777778
2023-12-08,9.94444444444444
2023-12-09,0
2023-12-10,1.02777777777778
2023-12-11,1.94444444444444
2023-12-12,18.9930555555556
2023-12-13,0
2023-12-14,3.90277777777778
2023-12-15,8.47222222222222
2023-12-16,0.951388888888889
2023-12-17,1.55555555555556
2023-12-18,2.01388888888889
2023-12-19,0.0555555555555556
2023-12-20,0.756944444444444
2023-12-21,2.59722222222222
2023-12-22,18.7361111111111
2023-12-23,0
2023-12-24,0.916666666666667
2023-12-25,5.14583333333333
2023-12-26,4.77777777777778
2023-12-27,0.166666666666667
2023-12-28,0.666666666666667
2023-12-29,0.777777777777778
2023-12-30,11.0277777777778
2023-12-31,0.666666666666667
2024-01-01,26.5347222222222
2024-01-02,6.43055555555556
2024-01-03,3.72222222222222
2024-01-04,2.61111111111111
2024-01-05,28.1666666666667
2024-01-06,0.0347222222222222
2024-01-07,0
2024-01-08,5.40972222222222
2024-01-09,2.58333333333333
2024-01-10,2.93055555555556
2024-01-11,2.41666666666667
2024-01-12,1.42361111111111
2024-01-13,6.22916666666667
2024-01-14,20.7777777777778
2024-01-15,2.28472222222222
2024-01-16,0.0555555555555556
2024-01-17,4.75
2024-01-18,16.2361111111111
2024-01-19,0.25
2024-01-20,2.875
2024-01-21,4.375
2024-01-22,4.25
2024-01-23,2.98611111111111
2024-01-24,4.86111111111111
2024-01-25,1.72222222222222
2024-01-26,25.8194444444444
2024-01-27,32.8611111111111
2024-01-28,18.1319444444444
2024-01-29,13.1805555555556
2024-01-30,1.26388888888889
2024-01-31,0
2024-02-01,31.2916666666667
2024-02-02,2.90277777777778
2024-02-03,0
2024-02-04,11.6805555555556
2024-02-05,7.77777777777778
2024-02-06,0
2024-02-07,6.22916666666667
2024-02-08,1.39583333333333
2024-02-09,3.4375
2024-02-10,0.194444444444444
2024-02-11,27.0416666666667
2024-02-12,25.4375
2024-02-13,3.03472222222222
2024-02-14,18.0902777777778
2024-02-15,0
2024-02-16,1.13888888888889
2024-02-17,1.375
2024-02-18,7.86111111111111
2024-02-19,4.55555555555556
2024-02-20,28.1944444444444
2024-02-21,0.631944444444444
2024-02-22,0.305555555555556
2024-02-23,0
2024-02-24,0.0277777777777778
2024-02-25,3.79166666666667
2024-02-26,15.8402777777778
2024-02-27,6.49305555555556
2024-02-28,0
2024-02-29,0.0138888888888889
2024-03-01,0
2024-03-02,0.180555555555556
2024-03-03,6.20833333333333
2024-03-04,0
2024-03-05,0
2024-03-06,2.61805555555556
2024-03-07,1.27777777777778
2024-03-08,8.33333333333333
2024-03-09,7.05555555555556
2024-03-10,6.66666666666667
2024-03-11,0.201388888888889
2024-03-12,0.9375
2024-03-13,0.881944444444444
2024-03-14,1.28472222222222
2024-03-15,11.4305555555556
2024-03-16,3
2024-03-17,5.72222222222222
2024-03-18,8.75
2024-03-19,6.47916666666667
2024-03-20,8.13194444444444
2024-03-21,6.40277777777778
2024-03-22,4.88888888888889
2024-03-23,3.18055555555556
2024-03-24,18.8888888888889
2024-03-25,12.3888888888889
2024-03-26,9.66666666666667
2024-03-27,16.3611111111111
2024-03-28,18.7361111111111
2024-03-29,5.375
2024-03-30,0.0833333333333333
2024-03-31,1.51388888888889
2024-04-01,0.0833333333333333
2024-04-02,4.20833333333333
2024-04-03,0
2024-04-04,0.25
2024-04-05,1.61111111111111
2024-04-06,0.0416666666666667
2024-04-07,3.36111111111111
2024-04-08,1.375
2024-04-09,0.583333333333333
2024-04-10,3.01388888888889
2024-04-11,0.715277777777778
2024-04-12,8.53472222222222
2024-04-13,1.61805555555556
2024-04-14,0.111111111111111
2024-04-15,8.18055555555556
2024-04-16,1.36805555555556
2024-04-17,12.2847222222222
2024-04-18,0
2024-04-19,0.305555555555556
2024-04-20,1.47222222222222
2024-04-21,0
2024-04-22,2.875
2024-04-23,0.819444444444444
2024-04-24,0.0277777777777778
2024-04-25,7.16666666666667
2024-04-26,2.51388888888889
2024-04-27,1
2024-04-28,0
2024-04-29,0
2024-04-30,0
2024-05-01,1.52083333333333
2024-05-02,0.430555555555556
2024-05-03,0.0416666666666667
2024-05-04,0
2024-05-05,0.506944444444444
2024-05-06,0.756944444444444
2024-05-07,6.01388888888889
2024-05-08,1.09722222222222
2024-05-09,0.0694444444444444
2024-05-10,0
2024-05-11,0
2024-05-12,2.90277777777778
2024-05-13,0.486111111111111
2024-05-14,0.138888888888889
2024-05-15,0
2024-05-16,1.61111111111111
2024-05-17,0
2024-05-18,0.333333333333333
2024-05-19,11.9444444444444
2024-05-20,0.0416666666666667
2024-05-21,0.0416666666666667
2024-05-22,0.666666666666667
2024-05-23,2.52777777777778
2024-05-24,0.375
2024-05-25,3.84722222222222
2024-05-26,0
2024-05-27,0
2024-05-28,0
2024-05-29,0
2024-05-30,0
2024-05-31,0
2024-06-01,0
2024-06-02,0
2024-06-03,0.291666666666667
2024-06-04,0.388888888888889
2024-06-05,0
2024-06-06,0
2024-06-07,0
2024-06-08,0.375
2024-06-09,0
2024-06-10,0
2024-06-11,0
2024-06-12,0
2024-06-13,0
2024-06-14,0
2024-06-15,0
2024-06-16,0
2024-06-17,0
2024-06-18,0
2024-06-19,0
2024-06-20,0.0555555555555556
2024-06-21,0
2024-06-22,0
2024-06-23,0
2024-06-24,0
2024-06-25,0
2024-06-26,0
2024-06-27,0.0416666666666667
2024-06-28,0
2024-06-29,0
2024-06-30,0
2024-07-01,0.729166666666667
2024-07-02,0
2024-07-03,0
2024-07-04,0
2024-07-05,14.0347222222222
2024-07-06,1.14583333333333
2024-07-07,0
2024-07-08,0
2024-07-09,0
2024-07-10,0
2024-07-11,0
2024-07-12,0.0138888888888889
2024-07-13,0
2024-07-14,0
2024-07-15,0
2024-07-16,0
2024-07-17,0
2024-07-18,0
2024-07-19,0
2024-07-20,0
2024-07-21,0
2024-07-22,0
2024-07-23,0
2024-07-24,0
2024-07-25,0
2024-07-26,0
2024-07-27,0
2024-07-28,0.291666666666667
2024-07-29,0
2024-07-30,0
2024-07-31,0
2024-08-01,0
2024-08-02,0
2024-08-03,0
2024-08-04,0.0277777777777778
2024-08-05,0
2024-08-06,0
2024-08-07,0
2024-08-08,0.0833333333333333
2024-08-09,0.104166666666667
2024-08-10,0
2024-08-11,0
2024-08-12,0.0625
2024-08-13,0
2024-08-14,0
2024-08-15,0
2024-08-16,0
2024-08-17,7.54166666666667
2024-08-18,0
2024-08-19,0
2024-08-20,0
2024-08-21,3.06944444444444
2024-08-22,0
2024-08-23,0
2024-08-24,0
2024-08-25,1.54166666666667
2024-08-26,0
2024-08-27,0
2024-08-28,0.0833333333333333
2024-08-29,0
2024-08-30,0
2024-08-31,0
2024-09-01,0
2024-09-02,0
2024-09-03,0
2024-09-04,0
2024-09-05,0
2024-09-06,0
2024-09-07,0
2024-09-08,0.125
2024-09-09,0
2024-09-10,0
2024-09-11,0.0277777777777778
2024-09-12,0
2024-09-13,0
2024-09-14,0.125
2024-09-15,0.194444444444444
2024-09-16,0
2024-09-17,0
2024-09-18,0
2024-09-19,1.5
2024-09-20,2.69444444444444
2024-09-21,0
2024-09-22,0
2024-09-23,0.0138888888888889
2024-09-24,0
2024-09-25,0.194444444444444
2024-09-26,0
2024-09-27,0.0833333333333333
2024-09-28,0.0416666666666667
2024-09-29,9.27777777777778
2024-09-30,15.8472222222222
2024-10-01,0
2024-10-02,0
2024-10-03,0
2024-10-04,3.31944444444444
2024-10-05,0.0277777777777778
2024-10-06,0
2024-10-07,0.444444444444444
2024-10-08,0.486111111111111
2024-10-09,0
2024-10-10,3.45833333333333
2024-10-11,0
2024-10-12,0
2024-10-13,0.965277777777778
2024-10-14,0.375
2024-10-15,2.63888888888889
2024-10-16,0.0694444444444444
2024-10-17,0.388888888888889
2024-10-18,3.23611111111111
2024-10-19,1.15277777777778
2024-10-20,21.3194444444444
2024-10-21,0.361111111111111
2024-10-22,0.666666666666667
2024-10-23,2.80555555555556
2024-10-24,6.29166666666667
2024-10-25,1.02083333333333
2024-10-26,1.25694444444444
2024-10-27,6.875
2024-10-28,15.3055555555556
2024-10-29,0.604166666666667
2024-10-30,0.222222222222222
2024-10-31,0
2024-11-01,0.958333333333333
2024-11-02,4.13888888888889
2024-11-03,0
2024-11-04,1.01388888888889
2024-11-05,0
2024-11-06,17.125
2024-11-07,3.66666666666667
2024-11-08,0.0277777777777778
2024-11-09,4.36111111111111
2024-11-10,7.81944444444444
2024-11-11,3.81944444444444
2024-11-12,0
2024-11-13,14.6388888888889
2024-11-14,3.47222222222222
2024-11-15,0.0138888888888889
2024-11-16,2.51388888888889
2024-11-17,0
2024-11-18,0.277777777777778
2024-11-19,9.22222222222222
2024-11-20,3.875
2024-11-21,3.6875
2024-11-22,5.38888888888889
2024-11-23,1.88888888888889
2024-11-24,6.54861111111111
2024-11-25,1.30555555555556
2024-11-26,0.527777777777778
2024-11-27,6.58333333333333
2024-11-28,0.104166666666667
2024-11-29,0.555555555555556
2024-11-30,0
2024-12-01,2.68055555555556
2024-12-02,0.0555555555555556
2024-12-03,0.388888888888889
2024-12-04,0.0833333333333333
2024-12-05,0
2024-12-06,5.97222222222222
2024-12-07,2.78472222222222
2024-12-08,2.375
2024-12-09,0
2024-12-10,0.583333333333333
2024-12-11,10.4444444444444
2024-12-12,3.08333333333333
2024-12-13,1.61111111111111
2024-12-14,0
2024-12-15,8.81944444444444
2024-12-16,2.02777777777778
2024-12-17,20.5416666666667
2024-12-18,1.40277777777778
2024-12-19,0.652777777777778
2024-12-20,14.0833333333333
2024-12-21,1.5
2024-12-22,6.26388888888889
2024-12-23,0.666666666666667
2024-12-24,0.25
2024-12-25,1.29166666666667
2024-12-26,14.1041666666667
2024-12-27,2.48611111111111
2024-12-28,3.52777777777778
2024-12-29,10.0416666666667
2024-12-30,1.58333333333333
2024-12-31,0
2025-01-01,3.23611111111111
2025-01-02,26.7013888888889
2025-01-03,1.10416666666667
2025-01-04,10.1666666666667
2025-01-05,5.36111111111111
2025-01-06,9.90277777777778
2025-01-07,0.819444444444444
2025-01-08,21.8055555555556
2025-01-09,3.63888888888889
2025-01-10,6.72222222222222
2025-01-11,2.45138888888889
2025-01-12,6.68055555555556
2025-01-13,10.1458333333333
2025-01-14,9.88888888888889
2025-01-15,31.4305555555556
2025-01-16,6.29166666666667
2025-01-17,0.506944444444444
2025-01-18,6.81944444444444
2025-01-19,2.18055555555556
2025-01-20,1.375
2025-01-21,14.5972222222222
2025-01-22,0.145833333333333
2025-01-23,8.88888888888889
2025-01-24,23.4930555555556
2025-01-25,4.36111111111111
2025-01-26,0.131944444444444
2025-01-27,6.49305555555556
2025-01-28,1.19444444444444
2025-01-29,0.222222222222222
2025-01-30,5.16666666666667
2025-01-31,9.26388888888889
2025-02-01,15.3472222222222
2025-02-02,12.0972222222222
2025-02-03,11.9722222222222
2025-02-04,0.409722222222222
2025-02-05,27.3888888888889
2025-02-06,0.458333333333333
2025-02-07,1.5
2025-02-08,11.6041666666667
2025-02-09,4.41666666666667
2025-02-10,11.3055555555556
2025-02-11,9.0625
2025-02-12,0.291666666666667
2025-02-13,12.8194444444444
2025-02-14,47.3680555555556
2025-02-15,13.9583333333333
2025-02-16,14.5833333333333
2025-02-17,1.27083333333333
2025-02-18,41.0138888888889
2025-02-19,2.70833333333333
2025-02-20,12.7916666666667
2025-02-21,10.0972222222222
2025-02-22,1.17361111111111
2025-02-23,2.04166666666667
2025-02-24,32.1666666666667
2025-02-25,0
2025-02-26,11.6805555555556
2025-02-27,5.4375
2025-02-28,20.8125
2025-03-01,0
2025-03-02,0
2025-03-03,2.47222222222222
2025-03-04,16.4930555555556
2025-03-05,0.694444444444444
2025-03-06,0.333333333333333
2025-03-07,0
2025-03-08,15.3958333333333
2025-03-09,2.31944444444444
2025-03-10,0.0208333333333333
2025-03-11,1.26388888888889
2025-03-12,1.51388888888889
2025-03-13,10.0763888888889
2025-03-14,1.1875
2025-03-15,0.180555555555556
2025-03-16,0.805555555555556
2025-03-17,7.86111111111111
2025-03-18,0.576388888888889
2025-03-19,11.4166666666667
2025-03-20,2.08333333333333
2025-03-21,0
2025-03-22,0
2025-03-23,3.04166666666667
2025-03-24,5.84722222222222
2025-03-25,64.5833333333333
2025-03-26,4.06944444444444
2025-03-27,6.40277777777778
2025-03-28,16.1944444444444
2025-03-29,7.02083333333333
2025-03-30,2.95833333333333
2025-03-31,5.41666666666667
2025-04-01,8.55555555555556
2025-04-02,10.0138888888889
2025-04-03,4.57638888888889
2025-04-04,20.6736111111111
2025-04-05,32.4722222222222
2025-04-06,0
2025-04-07,0.722222222222222
2025-04-08,6.86111111111111
2025-04-09,24.3472222222222
2025-04-10,1.54166666666667
2025-04-11,3.27777777777778
2025-04-12,34.7083333333333
2025-04-13,0.416666666666667
2025-04-14,4.68055555555556
2025-04-15,0.0625
2025-04-16,11.5625
2025-04-17,0.506944444444444
2025-04-18,9.70138888888889
2025-04-19,1.375
2025-04-20,0
2025-04-21,0.736111111111111
2025-04-22,1.80555555555556
2025-04-23,0.125
2025-04-24,0.180555555555556
2025-04-25,0.25
2025-04-26,4.53472222222222
2025-04-27,5.03472222222222
2025-04-28,19.4861111111111
2025-04-29,0
2025-04-30,0.333333333333333
2025-05-01,5.52777777777778
2025-05-02,0
2025-05-03,0
2025-05-04,3.72222222222222
2025-05-05,0
2025-05-06,0
2025-05-07,3.36111111111111
2025-05-08,0.0416666666666667
2025-05-09,0
2025-05-10,2.26388888888889
2025-05-11,1.31944444444444
2025-05-12,0.486111111111111
2025-05-13,0.625
2025-05-14,0.416666666666667
2025-05-15,16.1388888888889
2025-05-16,0
2025-05-17,0
2025-05-18,0
2025-05-19,0.347222222222222
2025-05-20,0
2025-05-21,0
2025-05-22,0
2025-05-23,0
2025-05-24,4.59722222222222
2025-05-25,1.56944444444444
2025-05-26,0.0138888888888889
2025-05-27,0
2025-05-28,3.33333333333333
2025-05-29,2.83333333333333
2025-05-30,0
2025-05-31,0
2025-06-01,0
2025-06-02,0.0416666666666667
2025-06-03,1.59722222222222
2025-06-04,0
2025-06-05,0
2025-06-06,0
2025-06-07,0
2025-06-08,0
2025-06-09,0
2025-06-10,0
2025-06-11,0
2025-06-12,0
2025-06-13,0
2025-06-14,0
2025-06-15,8.27777777777778
2025-06-16,0.180555555555556
2025-06-17,0.0138888888888889
2025-06-18,0
2025-06-19,0
2025-06-20,0
2025-06-21,0
2025-06-22,0
2025-06-23,0
2025-06-24,0.0486111111111111
2025-06-25,4.77777777777778
2025-06-26,0
2025-06-27,1
2025-06-28,1.41666666666667
2025-06-29,2.01388888888889
2025-06-30,0
2025-07-01,2.26388888888889
2025-07-02,0
2025-07-03,0
2025-07-04,0
2025-07-05,0
2025-07-06,11.9375
2025-07-07,0
2025-07-08,0
2025-07-09,0
2025-07-10,0
2025-07-11,0
2025-07-12,0
2025-07-13,0
2025-07-14,0
2025-07-15,0
2025-07-16,0
2025-07-17,0
2025-07-18,0
2025-07-19,0
2025-07-20,0
2025-07-21,0
2025-07-22,0
2025-07-23,0
2025-07-24,0
2025-07-25,0
2025-07-26,0
2025-07-27,0
2025-07-28,0
2025-07-29,3.13888888888889
2025-07-30,2.13888888888889
2025-07-31,0
2025-08-01,0.25
2025-08-02,1.51388888888889
2025-08-03,0
2025-08-04,0
2025-08-05,5.67361111111111
2025-08-06,0
2025-08-07,0
2025-08-08,0
2025-08-09,0
2025-08-10,0.0277777777777778
2025-08-11,0
2025-08-12,0
2025-08-13,0
2025-08-14,0
2025-08-15,0
2025-08-16,0
2025-08-17,0
2025-08-18,1.13888888888889
2025-08-19,0
2025-08-20,0
2025-08-21,0
2025-08-22,0
2025-08-23,0
2025-08-24,0
2025-08-25,0
2025-08-26,0
2025-08-27,0
2025-08-28,0
2025-08-29,0
2025-08-30,0.444444444444444
2025-08-31,0.5
2025-09-01,0
2025-09-02,0
2025-09-03,0.138888888888889
2025-09-04,1.93055555555556
2025-09-05,0
2025-09-06,0.0347222222222222
2025-09-07,3.34027777777778
2025-09-08,0
2025-09-09,0
2025-09-10,5.15277777777778
2025-09-11,0.180555555555556
2025-09-12,1
2025-09-13,0
2025-09-14,10.9722222222222
2025-09-15,0
2025-09-16,0.152777777777778
2025-09-17,0
2025-09-18,0
2025-09-19,0.430555555555556
2025-09-20,0
2025-09-21,3.16666666666667
2025-09-22,0
2025-09-23,6.79166666666667
2025-09-24,0.375
2025-09-25,1.91666666666667
2025-09-26,0.666666666666667
2025-09-27,5.30555555555556
2025-09-28,0
2025-09-29,0.847222222222222
2025-09-30,5.88888888888889
2025-10-01,2.93055555555556
2025-10-02,3.5
2025-10-03,0
2025-10-04,0
2025-10-05,0
2025-10-06,4.63888888888889
2025-10-07,0
2025-10-08,13.5972222222222
2025-10-09,25.4722222222222
2025-10-10,1.43055555555556
2025-10-11,1.22222222222222
2025-10-12,1.69444444444444
2025-10-13,1.60416666666667
2025-10-14,4.91666666666667
2025-10-15,3.48611111111111
2025-10-16,3.63888888888889
2025-10-17,0
2025-10-18,0
2025-10-19,0
2025-10-20,5.28472222222222
2025-10-21,0.180555555555556
2025-10-22,0.805555555555556
2025-10-23,0.944444444444444
2025-10-24,3.61111111111111
2025-10-25,8.86111111111111
2025-10-26,2.66666666666667
2025-10-27,3
2025-10-28,5.97222222222222
2025-10-29,2.34722222222222
2025-10-30,3.22222222222222
2025-10-31,7.79166666666667
2025-11-01,0.9375
2025-11-02,0
2025-11-03,0.875
2025-11-04,14.0833333333333
2025-11-05,20.2986111111111
2025-11-06,0
2025-11-07,0
2025-11-08,0
2025-11-09,2.06944444444444
2025-11-10,12.9861111111111
2025-11-11,2.26388888888889
2025-11-12,0.541666666666667
2025-11-13,8.73611111111111
2025-11-14,0.5
2025-11-15,2.22222222222222
2025-11-16,1.16666666666667
2025-11-17,0
2025-11-18,6.27777777777778
2025-11-19,1.06944444444444
2025-11-20,0
2025-11-21,3.69444444444444
2025-11-22,0.277777777777778
2025-11-23,9.43055555555556
2025-11-24,4.36805555555556
2025-11-25,3
2025-11-26,12.0833333333333
2025-11-27,6.95833333333333
2025-11-28,1.11111111111111
2025-11-29,9.21527777777778
2025-11-30,8.47222222222222
2025-12-01,2.26388888888889
2025-12-02,0.229166666666667
2025-12-03,28.9375
2025-12-04,9.86805555555556
2025-12-05,6.42361111111111
2025-12-06,3.23611111111111
2025-12-07,13.875
2025-12-08,14.0555555555556
2025-12-09,0
2025-12-10,0.104166666666667
2025-12-11,0
2025-12-12,12.5277777777778
2025-12-13,2.68055555555556
2025-12-14,3.93055555555556
2025-12-15,0
2025-12-16,5.72222222222222
2025-12-17,3.75
2025-12-18,1.36111111111111
2025-12-19,45.0138888888889
2025-12-20,3.48611111111111
2025-12-21,0
2025-12-22,5.05555555555556
2025-12-23,4.01388888888889
2025-12-24,3.77083333333333
2025-12-25,21.6944444444444
2025-12-26,1.45833333333333
2025-12-27,0
2025-12-28,0.0625
2025-12-29,4.78472222222222
2025-12-30,4.05555555555556
2025-12-31,30.5763888888889
2026-01-01,0.638888888888889
2026-01-02,0.680555555555556
2026-01-03,0.694444444444444
2026-01-04,7.60416666666667
2026-01-05,3.49305555555556
2026-01-06,14.8611111111111
2026-01-07,7.31944444444444
2026-01-08,4.5625
2026-01-09,3.61805555555556
2026-01-10,8.61111111111111
2026-01-11,50.125
2026-01-12,0
2026-01-13,6.21527777777778
2026-01-14,1.52777777777778
2026-01-15,2.39583333333333
2026-01-16,11.6111111111111
2026-01-17,12.6527777777778
2026-01-18,4.08333333333333
2026-01-19,0
2026-01-20,3.19444444444444
2026-01-21,11.1527777777778
2026-01-22,10.3194444444444
2026-01-23,26.3333333333333
2026-01-24,13.4861111111111
2026-01-25,6.01388888888889
2026-01-26,5.27777777777778
2026-01-27,13.2222222222222
2026-01-28,0.715277777777778
2026-01-29,3.52777777777778
2026-01-30,0.131944444444444
2026-01-31,16.6388888888889
2026-02-01,5.69444444444444
2026-02-02,1.98611111111111
2026-02-03,1.98611111111111
2026-02-04,0
2026-02-05,1.40277777777778
2026-02-06,72.9027777777778
2026-02-07,6.36111111111111
2026-02-08,0.138888888888889
2026-02-09,11.3194444444444
2026-02-10,7.00694444444444
2026-02-11,3.04166666666667
2026-02-12,9.63194444444444
2026-02-13,18.9791666666667
2026-02-14,0
2026-02-15,3.31944444444444
2026-02-16,25.3194444444444
2026-02-17,14.6319444444444
2026-02-18,0
2026-02-19,7.84722222222222
2026-02-20,3.52083333333333
2026-02-21,2.47916666666667
2026-02-22,3.125
2026-02-23,3.15277777777778
2026-02-24,5.70833333333333
2026-02-25,1.04166666666667
2026-02-26,7.88888888888889
2026-02-27,21.9583333333333
2026-02-28,1.1875
2026-03-01,8.64583333333333
2026-03-02,0
2026-03-03,2.04166666666667
2026-03-04,0.715277777777778
2026-03-05,25.2013888888889
2026-03-06,6.32638888888889
2026-03-07,3.78472222222222
2026-03-08,2.61805555555556
2026-03-09,7.26388888888889
2026-03-10,20.1041666666667
2026-03-11,1.91666666666667
2026-03-12,12.8472222222222
2026-03-13,2.38888888888889
2026-03-14,3.40277777777778
2026-03-15,2.40277777777778
2026-03-16,0.0416666666666667
2026-03-17,8.63888888888889
2026-03-18,3.08333333333333
2026-03-19,33.2430555555556
2026-03-20,17.9027777777778
2026-03-21,0
2026-03-22,0
2026-03-23,3.29861111111111
2026-03-24,6.72916666666667
2026-03-25,11.0902777777778
2026-03-26,3.47222222222222
2026-03-27,0.430555555555556
2026-03-28,0.194444444444444
2026-03-29,8.1875
2026-03-30,20.6111111111111
2026-03-31,0.826388888888889
2026-04-01,3.09722222222222
2026-04-02,2.36111111111111
2026-04-03,0.0138888888888889
2026-04-04,0.125
2026-04-05,5.25694444444444
2026-04-06,1.66666666666667
2026-04-07,0.465277777777778
2026-04-08,9.34722222222222
2026-04-09,0.5
2026-04-10,0.0138888888888889
2026-04-11,1.28472222222222
2026-04-12,2.97222222222222
2026-04-13,6.875
2026-04-14,5.18055555555556
2026-04-15,0
2026-04-16,0.152777777777778
2026-04-17,21.2361111111111
2026-04-18,8.30555555555556
2026-04-19,0.645833333333333
2026-04-20,0.944444444444444
2026-04-21,0.569444444444444
2026-04-22,8.91666666666667
2026-04-23,8.71527777777778
2026-04-24,0.0833333333333333
2026-04-25,0.673611111111111
2026-04-26,4.66666666666667
2026-04-27,10.5277777777778
2026-04-28,0
2026-04-29,0.854166666666667
2026-04-30,0
2026-05-01,4.54166666666667
2026-05-02,0
2026-05-03,1.375
2026-05-04,0
2026-05-05,2.41666666666667
2026-05-06,2.77777777777778
2026-05-07,4.57638888888889
2026-05-08,0
2026-05-09,0.0694444444444444
2026-05-10,0.0972222222222222
2026-05-11,15.4861111111111
2026-05-12,0
2026-05-13,2.625
2026-05-14,3.56944444444444
2026-05-15,4.70833333333333
2026-05-16,12.6180555555556
2026-05-17,0.166666666666667
2026-05-18,0.215277777777778
2026-05-19,6.06944444444444
2026-05-20,0.0138888888888889
