cluster_id,id_pista,name,MapBiom,OSM,OSMPoly,Manual,Dimas,id,i,col,row,area,area_rel,start_date,end_date
1,6,Pista 6,0,0,0,1,0,C65L39,5,65,39,764033185.4338675,98.86932869274901,NA,NA
2,100,Pista 100,1,0,0,0,1,C65L40,5,65,40,764531581.7088107,98.9338234111278,NA,NA
3,64892,Aeródromo Aldeia Pontal,1,1,0,0,0,C62L41,4,62,41,765015422.277709,98.99643455571326,NA,NA
4,97,Pista 97,1,0,0,0,0,C64L42,5,64,42,765484697.9281157,99.05716093437339,NA,NA
5,65333,Aeródromo Mayrowy,0,1,0,0,0,C64L42,5,64,42,765484697.9281157,99.05716093437339,NA,NA
6,79511,Cururu,1,1,0,0,0,C65L43,5,65,43,765939399.7249526,99.11600139086892,NA,NA
7,209,Pista 209,1,0,0,0,0,C64L44,5,64,44,766379519.0107386,99.17295480488283,NA,NA
8,53,Pista 53,1,0,0,1,0,C63L44,5,63,44,766379519.0106984,99.17295480487765,NA,NA
9,210,Pista 210,1,0,0,0,1,C65L46,5,65,46,767215976.8068756,99.28119620376516,NA,NA
10,201,Pista 201,1,0,0,0,1,C65L46,5,65,46,767215976.8068756,99.28119620376516,NA,NA
11,202,Pista 202,1,0,0,0,1,C65L46,5,65,46,767215976.8068756,99.28119620376516,NA,NA
12,199,Pista 199,1,0,0,0,0,C65L47,5,65,47,767612299.3910006,99.33248212770833,NA,NA
13,200,Pista 200,1,0,0,0,0,C65L47,5,65,47,767612299.3910006,99.33248212770833,NA,NA
14,1143,Pista 1143,1,0,0,0,0,C63L48,5,63,48,767994007.6117419,99.38187688733487,NA,NA
15,211,Pista 211,1,0,0,0,0,C64L48,5,64,48,767994007.6117725,99.38187688733883,NA,NA
16,823354,Jacareacanga Airport,1,0,1,1,0,C64L49,5,64,49,768361094.2013047,99.42937954215942,NA,NA
17,23,Pista 23,1,0,0,1,0,C62L49,4,62,49,768361094.2012843,99.4293795421568,NA,NA
18,186,Pista 186,1,0,0,0,0,C65L49,5,65,49,768361094.201294,99.42937954215803,NA,NA
19,22,Pista 22,1,0,0,1,0,C61L49,4,61,49,768361094.2012824,99.42937954215655,NA,NA
20,36,Pista 36,1,0,0,1,0,C64L49,5,64,49,768361094.2013047,99.42937954215942,NA,NA
21,2430,Pista 2430,1,0,0,0,0,C63L49,5,63,49,768361094.2012894,99.42937954215746,NA,NA
22,2429,Pista 2429,1,0,0,0,0,C63L49,5,63,49,768361094.2012894,99.42937954215746,NA,NA
23,35,Pista 35,0,0,0,1,0,C63L49,5,63,49,768361094.2012894,99.42937954215746,NA,NA
24,960,Pista 960,1,0,0,0,0,C61L50,4,61,50,768713552.1702604,99.47498918771858,NA,NA
25,965,Pista 965,1,0,0,0,0,C61L50,4,61,50,768713552.1702604,99.47498918771858,NA,NA
26,2434,Pista 2434,1,0,0,0,0,C63L50,5,63,50,768713552.1702673,99.47498918771947,NA,NA
27,34,Pista 34,1,0,0,1,0,C64L50,5,64,50,768713552.1702855,99.47498918772182,NA,NA
28,20,Pista 20,1,0,0,1,0,C63L50,5,63,50,768713552.1702673,99.47498918771947,NA,NA
29,12,Pista 12,1,0,0,1,0,C63L51,5,63,51,769051374.8078104,99.51870495560476,NA,NA
30,2432,Pista 2432,1,0,0,0,0,C63L51,5,63,51,769051374.8078104,99.51870495560476,NA,NA
31,13,Pista 13,1,0,0,1,0,C64L51,5,64,51,769051374.8078347,99.51870495560793,2020-04-01,NA
32,2370,Pista 2370,1,0,0,0,0,C65L51,5,65,51,769051374.8077974,99.5187049556031,NA,NA
33,2399,Pista 2399,1,0,0,0,0,C65L51,5,65,51,769051374.8077974,99.5187049556031,NA,NA
34,11,Pista 11,0,0,0,1,0,C63L51,5,63,51,769051374.8078104,99.51870495560476,2020-08-01,NA
35,16,Pista 16,1,0,0,1,0,C65L51,5,65,51,769051374.8077974,99.5187049556031,NA,NA
36,18,Pista 18,1,0,0,1,0,C64L52,5,64,52,769374555.6817496,99.56052601346178,NA,NA
37,15,Pista 15,1,0,0,1,0,C65L52,5,65,52,769374555.6817067,99.56052601345623,NA,NA
38,582,Pista 582,1,0,0,0,0,C64L52,5,64,52,769374555.6817496,99.56052601346178,NA,NA
39,14,Pista 14,1,0,0,1,0,C65L52,5,65,52,769374555.6817067,99.56052601345623,NA,NA
40,2397,Pista 2397,1,0,0,0,0,C65L52,5,65,52,769374555.6817067,99.56052601345623,NA,NA
41,21,Pista 21,1,0,0,1,0,C65L52,5,65,52,769374555.6817067,99.56052601345623,NA,NA
42,33,Pista 33,1,0,0,1,0,C65L52,5,65,52,769374555.6817067,99.56052601345623,NA,NA
43,17,Pista 17,1,0,0,1,0,C64L52,5,64,52,769374555.6817496,99.56052601346178,NA,NA
44,970,Pista 970,1,0,0,0,0,C61L52,4,61,52,769374555.6817085,99.56052601345644,NA,NA
45,2395,Pista 2395,1,0,0,0,0,C65L52,5,65,52,769374555.6817067,99.56052601345623,NA,NA
46,2408,Pista 2408,1,0,0,0,0,C65L53,5,65,53,769683088.6385729,99.60045156499838,NA,NA
47,878635,Pista Porquinho,1,0,1,0,0,C65L53,5,65,53,769683088.6385729,99.60045156499838,NA,NA
48,2378,Pista 2378,1,0,0,0,0,C65L53,5,65,53,769683088.6385729,99.60045156499838,NA,NA
49,68388,Aeródromo Fazenda Pison,1,1,0,0,0,C64L53,5,64,53,769683088.6386014,99.60045156500207,NA,NA
50,968,Pista 968,1,0,0,0,0,C63L53,5,63,53,769683088.638565,99.60045156499734,NA,NA
51,195,Pista 195,1,0,0,0,1,C66L45,5,66,45,766805047.4053977,99.22802009199567,NA,NA
52,191,Pista 191,1,0,0,0,1,C66L45,5,66,45,766805047.4053977,99.22802009199567,NA,NA
53,190,Pista 190,1,0,0,0,1,C66L45,5,66,45,766805047.4053977,99.22802009199567,NA,NA
54,194,Pista 194,1,0,0,0,1,C66L46,5,66,46,767215976.8068764,99.28119620376528,NA,NA
55,203,Pista 203,1,0,0,0,1,C65L46,5,65,46,767215976.8068756,99.28119620376516,NA,NA
56,192,Pista 192,1,0,0,0,1,C66L46,5,66,46,767215976.8068764,99.28119620376528,NA,NA
57,193,Pista 193,1,0,0,0,1,C66L46,5,66,46,767215976.8068764,99.28119620376528,NA,NA
58,204,Pista 204,1,0,0,0,1,C65L46,5,65,46,767215976.8068756,99.28119620376516,NA,NA
59,188,Pista 188,1,0,0,0,1,C66L46,5,66,46,767215976.8068764,99.28119620376528,NA,NA
60,196,Pista 196,1,0,0,0,1,C65L46,5,65,46,767215976.8068756,99.28119620376516,NA,NA
61,798224,Pátria Amada,1,1,0,0,0,C65L47,5,65,47,767612299.3910006,99.33248212770833,NA,NA
62,198,Pista 198,1,0,0,0,0,C66L48,5,66,48,767994007.6117464,99.38187688733544,NA,NA
63,2541,Pista 2541,1,0,0,0,0,C66L49,5,66,49,768361094.2012898,99.4293795421575,NA,NA
64,80398,Pista São Jorge,1,1,0,0,0,C66L49,5,66,49,768361094.2012898,99.4293795421575,NA,NA
65,2543,Pista 2543,1,0,0,0,0,C66L49,5,66,49,768361094.2012898,99.4293795421575,NA,NA
66,79573,Porto Rico,0,1,0,0,0,C66L49,5,66,49,768361094.2012898,99.4293795421575,NA,NA
67,2542,Pista 2542,1,0,0,0,0,C66L50,5,66,50,768713552.1702684,99.47498918771961,NA,NA
68,2351,Pista 2351,1,0,0,0,0,C66L50,5,66,50,768713552.1702684,99.47498918771961,NA,NA
69,2249,Pista 2249,1,0,0,0,0,C66L50,5,66,50,768713552.1702684,99.47498918771961,NA,NA
70,890366,Pista Bom Jesus,1,0,1,0,0,C66L52,5,66,52,769374555.6817309,99.56052601345937,NA,NA
71,890370,Pista Fogoió,1,0,1,0,0,C65L52,5,65,52,769374555.6817067,99.56052601345623,NA,NA
72,878632,Pista Marannhense,1,0,1,0,0,C66L52,5,66,52,769374555.6817309,99.56052601345937,NA,NA
73,2375,Pista 2375,1,0,0,0,0,C65L52,5,65,52,769374555.6817067,99.56052601345623,NA,NA
74,2393,Pista 2393,1,0,0,0,0,C66L52,5,66,52,769374555.6817309,99.56052601345937,NA,NA
75,19,Pista 19,1,0,0,1,0,C65L52,5,65,52,769374555.6817067,99.56052601345623,NA,NA
76,2374,Pista 2374,1,0,0,0,0,C65L52,5,65,52,769374555.6817067,99.56052601345623,NA,NA
77,878634,Pista São Bento,1,0,1,0,0,C66L52,5,66,52,769374555.6817309,99.56052601345937,NA,NA
78,2403,Pista 2403,1,0,0,0,0,C66L53,5,66,53,769683088.6385734,99.60045156499845,NA,NA
79,24,Pista 24,0,0,0,1,0,C66L53,5,66,53,769683088.6385734,99.60045156499845,NA,NA
80,2405,Pista 2405,1,0,0,0,0,C65L53,5,65,53,769683088.6385729,99.60045156499838,NA,NA
81,2368,Pista 2368,1,0,0,0,0,C66L53,5,66,53,769683088.6385734,99.60045156499845,NA,NA
82,2404,Pista 2404,1,0,0,0,0,C66L53,5,66,53,769683088.6385734,99.60045156499845,NA,NA
83,2366,Pista 2366,1,0,0,0,0,C66L53,5,66,53,769683088.6385734,99.60045156499845,NA,NA
84,2369,Pista 2369,1,0,0,0,0,C66L53,5,66,53,769683088.6385734,99.60045156499845,NA,NA
85,2406,Pista 2406,1,0,0,0,0,C65L53,5,65,53,769683088.6385729,99.60045156499838,NA,NA
86,2407,Pista 2407,1,0,0,0,0,C66L53,5,66,53,769683088.6385734,99.60045156499845,NA,NA
87,27,Pista 27,1,0,0,1,0,C65L53,5,65,53,769683088.6385729,99.60045156499838,NA,NA
88,2367,Pista 2367,1,0,0,0,0,C65L53,5,65,53,769683088.6385729,99.60045156499838,NA,NA
89,2391,Pista 2391,1,0,0,0,0,C66L53,5,66,53,769683088.6385734,99.60045156499845,NA,NA
90,2376,Pista 2376,1,0,0,0,0,C65L53,5,65,53,769683088.6385729,99.60045156499838,NA,NA
91,69306,Cara Preta,1,1,0,0,0,C66L53,5,66,53,769683088.6385734,99.60045156499845,NA,NA
92,2379,Pista 2379,1,0,0,0,0,C65L53,5,65,53,769683088.6385729,99.60045156499838,NA,NA
93,2388,Pista 2388,1,0,0,0,0,C66L53,5,66,53,769683088.6385734,99.60045156499845,NA,NA
94,28,Pista 28,1,0,0,1,0,C65L53,5,65,53,769683088.6385729,99.60045156499838,NA,NA
95,955,Pista 955,1,0,0,0,0,C65L53,5,65,53,769683088.6385729,99.60045156499838,NA,NA
96,2387,Pista 2387,1,0,0,0,0,C66L53,5,66,53,769683088.6385734,99.60045156499845,NA,NA
97,2364,Pista 2364,1,0,0,0,0,C66L53,5,66,53,769683088.6385734,99.60045156499845,NA,NA
98,2386,Pista 2386,1,0,0,0,0,C66L53,5,66,53,769683088.6385734,99.60045156499845,NA,NA
99,2384,Pista 2384,1,0,0,0,0,C66L54,5,66,54,769976967.8038583,99.63848085003795,NA,NA
100,607,Pista 607,1,0,0,0,0,C65L54,5,65,54,769976967.8038532,99.63848085003725,NA,NA
101,2385,Pista 2385,1,0,0,0,0,C66L54,5,66,54,769976967.8038583,99.63848085003795,NA,NA
102,2382,Pista 2382,1,0,0,0,0,C65L54,5,65,54,769976967.8038532,99.63848085003725,NA,NA
103,29,Pista 29,1,0,0,1,0,C66L54,5,66,54,769976967.8038583,99.63848085003795,NA,NA
104,30,Pista 30,1,0,0,1,0,C66L54,5,66,54,769976967.8038583,99.63848085003795,NA,NA
105,31,Pista 31,1,0,0,1,0,C66L55,5,66,55,770256187.5820668,99.67461314449258,NA,NA
106,78737,Creputiá,0,1,0,0,0,C67L41,5,67,41,765015422.2776527,98.99643455570597,NA,NA
107,206,Pista 206,1,0,0,0,1,C67L42,5,67,42,765484697.9280574,99.05716093436587,NA,NA
108,2419,Pista 2419,1,0,0,0,0,C68L43,5,68,43,765939399.7250152,99.116001390877,NA,NA
109,2422,Pista 2422,1,0,0,0,1,C67L44,5,67,44,766379519.0106648,99.17295480487329,NA,NA
110,2414,Pista 2414,1,0,0,0,1,C68L44,5,68,44,766379519.0107567,99.17295480488518,NA,NA
111,2539,Pista 2539,1,0,0,0,0,C67L44,5,67,44,766379519.0106648,99.17295480487329,NA,NA
112,185,Pista 185,1,0,0,0,1,C67L44,5,67,44,766379519.0106648,99.17295480487329,NA,NA
113,182,Pista 182,1,0,0,0,0,C67L44,5,67,44,766379519.0106648,99.17295480487329,NA,NA
114,184,Pista 184,1,0,0,0,0,C67L44,5,67,44,766379519.0106648,99.17295480487329,NA,NA
115,189,Pista 189,1,0,0,0,0,C67L44,5,67,44,766379519.0106648,99.17295480487329,NA,NA
116,181,Pista 181,1,0,0,0,1,C67L44,5,67,44,766379519.0106648,99.17295480487329,NA,NA
117,187,Pista 187,1,0,0,0,1,C67L44,5,67,44,766379519.0106648,99.17295480487329,NA,NA
118,183,Pista 183,1,0,0,0,1,C67L44,5,67,44,766379519.0106648,99.17295480487329,NA,NA
119,180,Pista 180,1,0,0,0,1,C67L45,5,67,45,766805047.405352,99.22802009198975,NA,NA
120,68398,Fazenda Samaúma,0,1,0,0,0,C67L45,5,67,45,766805047.405352,99.22802009198975,NA,NA
121,179,Pista 179,1,0,0,0,0,C67L45,5,67,45,766805047.405352,99.22802009198975,NA,NA
122,178,Pista 178,1,0,0,0,0,C67L45,5,67,45,766805047.405352,99.22802009198975,NA,NA
123,2535,Pista 2535,1,0,0,0,1,C67L45,5,67,45,766805047.405352,99.22802009198975,NA,NA
124,78169,Pista Canaã,1,1,0,0,1,C67L45,5,67,45,766805047.405352,99.22802009198975,NA,NA
125,176,Pista 176,1,0,0,0,1,C66L45,5,66,45,766805047.4053977,99.22802009199567,NA,NA
126,2536,Pista 2536,1,0,0,0,1,C68L45,5,68,45,766805047.4054286,99.22802009199968,NA,NA
127,776850,Três Poderes,1,1,0,0,1,C67L45,5,67,45,766805047.405352,99.22802009198975,NA,NA
128,175,Pista 175,1,0,0,0,1,C66L45,5,66,45,766805047.4053977,99.22802009199567,NA,NA
129,177,Pista 177,1,0,0,0,0,C66L45,5,66,45,766805047.4053977,99.22802009199567,NA,NA
130,69436,Serra Verde,1,1,0,0,1,C68L46,5,68,46,767215976.8069235,99.28119620377137,NA,NA
131,696929,Montreal,1,1,0,0,0,C66L48,5,66,48,767994007.6117464,99.38187688733544,NA,NA
132,38,Pista 38,1,0,0,1,1,C67L50,5,67,50,768713552.1702409,99.47498918771605,NA,NA
133,37,Pista 37,1,0,0,1,1,C67L50,5,67,50,768713552.1702409,99.47498918771605,NA,NA
134,39,Pista 39,1,0,0,1,1,C67L50,5,67,50,768713552.1702409,99.47498918771605,NA,NA
135,2445,Pista 2445,1,0,0,0,0,C66L51,5,66,51,769051374.8078231,99.51870495560641,NA,NA
136,1337,Pista 1337,1,0,0,0,0,C66L51,5,66,51,769051374.8078231,99.51870495560641,NA,NA
137,42,Pista 42,1,0,0,1,0,C67L51,5,67,51,769051374.8077768,99.51870495560043,NA,NA
138,2250,Pista 2250,1,0,0,0,0,C67L51,5,67,51,769051374.8077768,99.51870495560043,NA,NA
139,2245,Pista 2245,1,0,0,0,1,C67L51,5,67,51,769051374.8077768,99.51870495560043,NA,NA
140,2239,Pista 2239,1,0,0,0,0,C67L52,5,67,52,769374555.6816789,99.56052601345263,NA,NA
141,2371,Pista 2371,1,0,0,0,0,C66L52,5,66,52,769374555.6817309,99.56052601345937,NA,NA
142,981357,Carolina,0,1,0,0,0,C67L52,5,67,52,769374555.6816789,99.56052601345263,NA,NA
143,41,Pista 41,1,0,0,1,0,C67L52,5,67,52,769374555.6816789,99.56052601345263,NA,NA
144,878631,Pista Girassol,1,0,1,0,0,C67L52,5,67,52,769374555.6816789,99.56052601345263,NA,NA
145,26,Pista 26,1,0,0,1,0,C67L53,5,67,53,769683088.6385479,99.60045156499514,NA,NA
146,2389,Pista 2389,1,0,0,0,0,C66L53,5,66,53,769683088.6385734,99.60045156499845,NA,NA
147,25,Pista 25,1,0,0,1,1,C67L53,5,67,53,769683088.6385479,99.60045156499514,NA,NA
148,952,Pista 952,1,0,0,0,0,C67L54,5,67,54,769976967.803841,99.6384808500357,NA,NA
149,2380,Pista 2380,1,0,0,0,1,C67L54,5,67,54,769976967.803841,99.6384808500357,NA,NA
150,72262,Agromineral Mutum,1,1,0,0,1,C68L43,5,68,43,765939399.7250152,99.116001390877,NA,NA
151,604,Pista 604,1,0,0,0,1,C68L43,5,68,43,765939399.7250152,99.116001390877,NA,NA
152,2519,Pista 2519,1,0,0,0,1,C68L43,5,68,43,765939399.7250152,99.116001390877,NA,NA
153,2417,Pista 2417,1,0,0,0,0,C68L44,5,68,44,766379519.0107567,99.17295480488518,NA,NA
154,2420,Pista 2420,1,0,0,0,1,C68L44,5,68,44,766379519.0107567,99.17295480488518,NA,NA
155,364492,Fazenda Vera Paz,1,0,1,0,0,C68L44,5,68,44,766379519.0107567,99.17295480488518,NA,NA
156,2537,Pista 2537,1,0,0,0,1,C68L45,5,68,45,766805047.4054286,99.22802009199968,NA,NA
157,2418,Pista 2418,1,0,0,0,0,C68L45,5,68,45,766805047.4054286,99.22802009199968,NA,NA
158,2525,Pista 2525,1,0,0,0,0,C68L45,5,68,45,766805047.4054286,99.22802009199968,NA,NA
159,2533,Pista 2533,1,0,0,0,1,C68L45,5,68,45,766805047.4054286,99.22802009199968,NA,NA
160,2470,Pista 2470,1,0,0,0,1,C68L45,5,68,45,766805047.4054286,99.22802009199968,NA,NA
161,2471,Pista 2471,1,0,0,0,1,C68L45,5,68,45,766805047.4054286,99.22802009199968,NA,NA
162,72120,Pau D`Arco,1,1,0,0,1,C68L45,5,68,45,766805047.4054286,99.22802009199968,NA,NA
163,2494,Pista 2494,1,0,0,0,1,C68L45,5,68,45,766805047.4054286,99.22802009199968,NA,NA
164,77648,Pista Castanheirinho,1,1,0,0,1,C68L45,5,68,45,766805047.4054286,99.22802009199968,NA,NA
165,2464,Pista 2464,1,0,0,0,1,C68L45,5,68,45,766805047.4054286,99.22802009199968,NA,NA
166,2466,Pista 2466,1,0,0,0,1,C68L45,5,68,45,766805047.4054286,99.22802009199968,NA,NA
167,2534,Pista 2534,1,0,0,0,0,C68L45,5,68,45,766805047.4054286,99.22802009199968,NA,NA
168,2467,Pista 2467,1,0,0,0,1,C68L45,5,68,45,766805047.4054286,99.22802009199968,NA,NA
169,80340,Rosa Branca,1,1,0,0,1,C68L45,5,68,45,766805047.4054286,99.22802009199968,NA,NA
170,2529,Pista 2529,1,0,0,0,1,C68L46,5,68,46,767215976.8069235,99.28119620377137,NA,NA
171,364494,Mundico Coelho,1,0,1,0,0,C68L46,5,68,46,767215976.8069235,99.28119620377137,NA,NA
172,364495,Crepurizão,1,0,1,0,0,C68L46,5,68,46,767215976.8069235,99.28119620377137,NA,NA
173,2440,Pista 2440,1,0,0,0,1,C68L47,5,68,47,767612299.3910619,99.33248212771626,NA,NA
174,2551,Pista 2551,1,0,0,0,1,C68L47,5,68,47,767612299.3910619,99.33248212771626,NA,NA
175,2549,Pista 2549,1,0,0,0,0,C68L47,5,68,47,767612299.3910619,99.33248212771626,NA,NA
176,2412,Pista 2412,1,0,0,0,1,C68L49,5,68,49,768361094.201338,99.42937954216374,NA,NA
177,2331,Pista 2331,1,0,0,0,1,C68L50,5,68,50,768713552.1703111,99.47498918772514,NA,NA
178,2483,Pista 2483,1,0,0,0,0,C68L51,5,68,51,769051374.8078607,99.5187049556113,NA,NA
179,650622,Clodson,1,1,0,0,1,C68L51,5,68,51,769051374.8078607,99.5187049556113,NA,NA
180,2324,Pista 2324,1,0,0,0,1,C68L51,5,68,51,769051374.8078607,99.5187049556113,NA,NA
181,44,Pista 44,1,0,0,1,1,C68L51,5,68,51,769051374.8078607,99.5187049556113,NA,NA
182,644825,NA,1,1,0,0,1,C68L52,5,68,52,769374555.6817733,99.56052601346485,NA,NA
183,2327,Pista 2327,1,0,0,0,1,C68L52,5,68,52,769374555.6817733,99.56052601346485,NA,NA
184,2359,Pista 2359,1,0,0,0,0,C68L52,5,68,52,769374555.6817733,99.56052601346485,NA,NA
185,2361,Pista 2361,1,0,0,0,0,C68L52,5,68,52,769374555.6817733,99.56052601346485,NA,NA
186,878636,Comunidade São Leopoldo do Tapajós,1,0,1,0,0,C68L54,5,68,54,769976967.803913,99.63848085004501,NA,NA
187,565534,NA,1,1,0,0,1,C69L42,5,69,42,765484697.9280739,99.057160934368,NA,NA
188,2513,Pista 2513,1,0,0,0,0,C69L42,5,69,42,765484697.9280739,99.057160934368,NA,NA
189,69743,Santa Helena,1,1,0,0,0,C69L42,5,69,42,765484697.9280739,99.057160934368,NA,NA
190,2515,Pista 2515,1,0,0,0,1,C69L42,5,69,42,765484697.9280739,99.057160934368,NA,NA
191,2518,Pista 2518,1,0,0,0,1,C69L42,5,69,42,765484697.9280739,99.057160934368,NA,NA
192,2517,Pista 2517,1,0,0,0,1,C69L43,5,69,43,765939399.7249533,99.116001390869,NA,NA
193,69594,Fazenda São Raimundo,0,1,0,0,0,C69L43,5,69,43,765939399.7249533,99.116001390869,NA,NA
194,68252,Independência,1,1,0,0,0,C69L43,5,69,43,765939399.7249533,99.116001390869,NA,NA
195,364490,Fazenda Planada,1,0,1,0,0,C69L43,5,69,43,765939399.7249533,99.116001390869,NA,NA
196,2487,Pista 2487,1,0,0,0,1,C69L43,5,69,43,765939399.7249533,99.116001390869,NA,NA
197,2521,Pista 2521,1,0,0,0,1,C69L44,5,69,44,766379519.0107108,99.17295480487923,NA,NA
198,2524,Pista 2524,1,0,0,0,1,C69L44,5,69,44,766379519.0107108,99.17295480487923,NA,NA
199,2523,Pista 2523,1,0,0,0,1,C69L44,5,69,44,766379519.0107108,99.17295480487923,NA,NA
200,2526,Pista 2526,1,0,0,0,0,C69L45,5,69,45,766805047.4053884,99.22802009199447,NA,NA
201,69403,Selva de Pedra,1,1,0,0,1,C69L45,5,69,45,766805047.4053884,99.22802009199447,NA,NA
202,2469,Pista 2469,1,0,0,0,1,C69L45,5,69,45,766805047.4053884,99.22802009199447,NA,NA
203,2465,Pista 2465,1,0,0,0,1,C69L45,5,69,45,766805047.4053884,99.22802009199447,NA,NA
204,2528,Pista 2528,1,0,0,0,1,C69L45,5,69,45,766805047.4053884,99.22802009199447,NA,NA
205,2527,Pista 2527,1,0,0,0,1,C69L45,5,69,45,766805047.4053884,99.22802009199447,NA,NA
206,2484,Pista 2484,1,0,0,0,1,C69L46,5,69,46,767215976.8068702,99.28119620376447,NA,NA
207,2550,Pista 2550,1,0,0,0,1,C69L47,5,69,47,767612299.390999,99.33248212770812,NA,NA
208,71896,Nova Descoberta,1,1,0,0,1,C69L47,5,69,47,767612299.390999,99.33248212770812,NA,NA
209,2545,Pista 2545,1,0,0,0,1,C69L49,5,69,49,768361094.2012799,99.42937954215621,NA,NA
210,2330,Pista 2330,1,0,0,0,1,C69L50,5,69,50,768713552.1702615,99.4749891877187,NA,NA
211,2477,Pista 2477,1,0,0,0,1,C69L50,5,69,50,768713552.1702615,99.4749891877187,NA,NA
212,2323,Pista 2323,1,0,0,0,1,C69L50,5,69,50,768713552.1702615,99.4749891877187,NA,NA
213,2322,Pista 2322,1,0,0,0,1,C69L50,5,69,50,768713552.1702615,99.4749891877187,NA,NA
214,2475,Pista 2475,1,0,0,0,0,C69L50,5,69,50,768713552.1702615,99.4749891877187,NA,NA
215,2325,Pista 2325,1,0,0,0,1,C69L50,5,69,50,768713552.1702615,99.4749891877187,NA,NA
216,43,Pista 43,1,0,0,1,1,C69L51,5,69,51,769051374.8078041,99.51870495560397,NA,NA
217,2478,Pista 2478,1,0,0,0,1,C69L51,5,69,51,769051374.8078041,99.51870495560397,NA,NA
218,2242,Pista 2242,1,0,0,0,1,C69L51,5,69,51,769051374.8078041,99.51870495560397,NA,NA
219,2481,Pista 2481,1,0,0,0,0,C69L51,5,69,51,769051374.8078041,99.51870495560397,NA,NA
220,69286,Santa Felicidade,1,1,0,0,1,C69L51,5,69,51,769051374.8078041,99.51870495560397,NA,NA
221,2358,Pista 2358,1,0,0,0,1,C69L52,5,69,52,769374555.6817092,99.56052601345657,NA,NA
222,5,Pista 5,1,0,0,1,1,C69L52,5,69,52,769374555.6817092,99.56052601345657,NA,NA
223,80444,Pista São Pedro,1,1,0,0,0,C69L52,5,69,52,769374555.6817092,99.56052601345657,NA,NA
224,1,Pista 1,1,0,0,1,1,C69L53,5,69,53,769683088.6385516,99.60045156499561,NA,NA
225,2511,Pista 2511,1,0,0,0,1,C69L42,5,69,42,765484697.9280739,99.057160934368,NA,NA
226,2473,Pista 2473,1,0,0,0,0,C69L42,5,69,42,765484697.9280739,99.057160934368,NA,NA
227,2472,Pista 2472,1,0,0,0,0,C69L42,5,69,42,765484697.9280739,99.057160934368,NA,NA
228,71492,São Francisco,1,1,0,0,1,C69L42,5,69,42,765484697.9280739,99.057160934368,NA,NA
229,2474,Pista 2474,1,0,0,0,1,C69L43,5,69,43,765939399.7249533,99.116001390869,NA,NA
230,2497,Pista 2497,1,0,0,0,1,C69L43,5,69,43,765939399.7249533,99.116001390869,NA,NA
231,941,Pista 941,1,0,0,0,1,C69L43,5,69,43,765939399.7249533,99.116001390869,NA,NA
232,2485,Pista 2485,1,0,0,0,1,C69L44,5,69,44,766379519.0107108,99.17295480487923,NA,NA
233,80295,Fazenda Conforto,1,1,0,0,0,C69L44,5,69,44,766379519.0107108,99.17295480487923,NA,NA
234,2486,Pista 2486,1,0,0,0,1,C69L44,5,69,44,766379519.0107108,99.17295480487923,NA,NA
235,2501,Pista 2501,1,0,0,0,1,C70L44,5,70,44,766379519.0107316,99.17295480488193,NA,NA
236,364493,Aeródromo Tabocal,1,0,1,0,0,C69L44,5,69,44,766379519.0107108,99.17295480487923,NA,NA
237,69336,Muriçoca,1,1,0,0,1,C69L45,5,69,45,766805047.4053884,99.22802009199447,NA,NA
238,2450,Pista 2450,1,0,0,0,1,C69L46,5,69,46,767215976.8068702,99.28119620376447,NA,NA
239,82840,Comandante Carmelo,1,1,0,0,0,C69L46,5,69,46,767215976.8068702,99.28119620376447,NA,NA
240,78484,Ouroland,0,1,0,0,0,C69L46,5,69,46,767215976.8068702,99.28119620376447,NA,NA
241,364497,Fazenda Nova Santa Rita,1,0,1,0,0,C70L46,5,70,46,767215976.8068969,99.28119620376793,NA,NA
242,2451,Pista 2451,1,0,0,0,1,C69L46,5,69,46,767215976.8068702,99.28119620376447,NA,NA
243,2546,Pista 2546,1,0,0,0,1,C69L47,5,69,47,767612299.390999,99.33248212770812,NA,NA
244,2547,Pista 2547,1,0,0,0,1,C69L47,5,69,47,767612299.390999,99.33248212770812,NA,NA
245,2544,Pista 2544,1,0,0,0,1,C70L48,5,70,48,767994007.6117673,99.38187688733814,NA,NA
246,2340,Pista 2340,1,0,0,0,0,C69L48,5,69,48,767994007.6117343,99.38187688733387,NA,NA
247,2552,Pista 2552,1,0,0,0,1,C69L49,5,69,49,768361094.2012799,99.42937954215621,NA,NA
248,943,Pista 943,1,0,0,0,0,C69L49,5,69,49,768361094.2012799,99.42937954215621,NA,NA
249,2460,Pista 2460,1,0,0,0,1,C69L49,5,69,49,768361094.2012799,99.42937954215621,NA,NA
250,2461,Pista 2461,1,0,0,0,0,C69L49,5,69,49,768361094.2012799,99.42937954215621,NA,NA
251,2333,Pista 2333,1,0,0,0,1,C69L50,5,69,50,768713552.1702615,99.4749891877187,NA,NA
252,890362,Fazenda Água Azul,1,0,1,0,0,C69L50,5,69,50,768713552.1702615,99.4749891877187,NA,NA
253,2321,Pista 2321,1,0,0,0,1,C69L50,5,69,50,768713552.1702615,99.4749891877187,NA,NA
254,2320,Pista 2320,1,0,0,0,1,C69L50,5,69,50,768713552.1702615,99.4749891877187,NA,NA
255,2554,Pista 2554,1,0,0,0,1,C69L50,5,69,50,768713552.1702615,99.4749891877187,NA,NA
256,2476,Pista 2476,1,0,0,0,1,C69L51,5,69,51,769051374.8078041,99.51870495560397,NA,NA
257,2558,Pista 2558,1,0,0,0,1,C69L51,5,69,51,769051374.8078041,99.51870495560397,NA,NA
258,78860,Fazenda Serra Azul,1,1,0,0,1,C70L51,5,70,51,769051374.8078294,99.51870495560723,NA,NA
259,2479,Pista 2479,1,0,0,0,0,C69L51,5,69,51,769051374.8078041,99.51870495560397,NA,NA
260,2556,Pista 2556,1,0,0,0,1,C69L51,5,69,51,769051374.8078041,99.51870495560397,NA,NA
261,2363,Pista 2363,1,0,0,0,1,C69L51,5,69,51,769051374.8078041,99.51870495560397,NA,NA
262,2,Pista 2,1,0,0,1,0,C69L51,5,69,51,769051374.8078041,99.51870495560397,NA,NA
263,2356,Pista 2356,1,0,0,0,1,C69L52,5,69,52,769374555.6817092,99.56052601345657,NA,NA
264,630451,Pista de pouso,1,1,0,0,0,C69L52,5,69,52,769374555.6817092,99.56052601345657,NA,NA
265,1310,Pista 1310,1,0,0,0,1,C70L40,5,70,40,764531581.7088354,98.93382341113099,NA,NA
266,2509,Pista 2509,1,0,0,0,1,C70L42,5,70,42,765484697.9281105,99.05716093437272,NA,NA
267,2507,Pista 2507,1,0,0,0,0,C70L43,5,70,43,765939399.7249771,99.11600139087209,NA,NA
268,2510,Pista 2510,1,0,0,0,0,C70L43,5,70,43,765939399.7249771,99.11600139087209,NA,NA
269,2416,Pista 2416,1,0,0,0,1,C70L43,5,70,43,765939399.7249771,99.11600139087209,NA,NA
270,2508,Pista 2508,1,0,0,0,1,C70L43,5,70,43,765939399.7249771,99.11600139087209,NA,NA
271,2498,Pista 2498,1,0,0,0,1,C70L44,5,70,44,766379519.0107316,99.17295480488193,NA,NA
272,71540,Fazenda Boa Fé,1,1,0,0,0,C70L44,5,70,44,766379519.0107316,99.17295480488193,NA,NA
273,2502,Pista 2502,1,0,0,0,1,C70L44,5,70,44,766379519.0107316,99.17295480488193,NA,NA
274,2455,Pista 2455,1,0,0,0,1,C70L44,5,70,44,766379519.0107316,99.17295480488193,NA,NA
275,2495,Pista 2495,1,0,0,0,1,C70L44,5,70,44,766379519.0107316,99.17295480488193,NA,NA
276,2463,Pista 2463,1,0,0,0,1,C70L45,5,70,45,766805047.4054066,99.22802009199683,NA,NA
277,70691,Eldorado,1,1,0,0,1,C70L46,5,70,46,767215976.8068969,99.28119620376793,NA,NA
278,2241,Pista 2241,1,0,0,0,1,C70L46,5,70,46,767215976.8068969,99.28119620376793,NA,NA
279,2343,Pista 2343,1,0,0,0,1,C70L48,5,70,48,767994007.6117673,99.38187688733814,NA,NA
280,49,Pista 49,1,0,0,1,1,C70L48,5,70,48,767994007.6117673,99.38187688733814,NA,NA
281,50,Pista 50,1,0,0,1,1,C70L49,5,70,49,768361094.201322,99.42937954216167,NA,NA
282,2457,Pista 2457,1,0,0,0,0,C70L49,5,70,49,768361094.201322,99.42937954216167,NA,NA
283,7,Pista 7,0,0,0,1,0,C70L49,5,70,49,768361094.201322,99.42937954216167,NA,NA
284,2452,Pista 2452,1,0,0,0,0,C70L49,5,70,49,768361094.201322,99.42937954216167,NA,NA
285,2339,Pista 2339,1,0,0,0,1,C70L49,5,70,49,768361094.201322,99.42937954216167,NA,NA
286,72094,Pista Branca de Neve,1,1,0,0,1,C70L49,5,70,49,768361094.201322,99.42937954216167,NA,NA
287,8,Pista 8,1,0,0,1,1,C70L49,5,70,49,768361094.201322,99.42937954216167,NA,NA
288,71584,Pista KRB,1,1,0,0,0,C70L49,5,70,49,768361094.201322,99.42937954216167,NA,NA
289,2336,Pista 2336,1,0,0,0,1,C70L49,5,70,49,768361094.201322,99.42937954216167,NA,NA
290,2337,Pista 2337,1,0,0,0,1,C70L50,5,70,50,768713552.1703043,99.47498918772423,NA,NA
291,2346,Pista 2346,1,0,0,0,1,C70L50,5,70,50,768713552.1703043,99.47498918772423,NA,NA
292,2349,Pista 2349,1,0,0,0,1,C70L50,5,70,50,768713552.1703043,99.47498918772423,NA,NA
293,2335,Pista 2335,1,0,0,0,1,C70L50,5,70,50,768713552.1703043,99.47498918772423,NA,NA
294,2348,Pista 2348,1,0,0,0,1,C70L50,5,70,50,768713552.1703043,99.47498918772423,NA,NA
295,48,Pista 48,1,0,0,1,1,C70L50,5,70,50,768713552.1703043,99.47498918772423,NA,NA
296,47,Pista 47,1,0,0,1,1,C70L50,5,70,50,768713552.1703043,99.47498918772423,NA,NA
297,890363,Pista do Limão,1,0,1,1,0,C70L51,5,70,51,769051374.8078294,99.51870495560723,NA,NA
298,890364,Fazenda Serra Dourada,1,0,1,1,0,C70L51,5,70,51,769051374.8078294,99.51870495560723,NA,NA
299,3,Pista 3,1,0,0,1,1,C70L51,5,70,51,769051374.8078294,99.51870495560723,NA,NA
300,2288,Pista 2288,1,0,0,0,1,C71L42,5,71,42,765484697.928081,99.05716093436891,NA,NA
301,69513,Boa Esperança,1,1,0,0,1,C72L43,5,72,43,765939399.7249706,99.11600139087125,NA,NA
302,919,Pista 919,1,0,0,0,1,C71L43,5,71,43,765939399.7249548,99.1160013908692,NA,NA
303,88225,Fazenda Agropecuária FR Ltda,0,1,0,0,0,C71L43,5,71,43,765939399.7249548,99.1160013908692,NA,NA
304,66975,Fazenda Beira Rio,0,1,0,0,0,C71L43,5,71,43,765939399.7249548,99.1160013908692,NA,NA
305,2413,Pista 2413,1,0,0,0,1,C70L43,5,70,43,765939399.7249771,99.11600139087209,NA,NA
306,2423,Pista 2423,1,0,0,0,1,C71L44,5,71,44,766379519.0107001,99.17295480487786,NA,NA
307,2504,Pista 2504,1,0,0,0,1,C70L44,5,70,44,766379519.0107316,99.17295480488193,NA,NA
308,69289,Nossa Senhora da Conceição,1,1,0,0,1,C71L45,5,71,45,766805047.4053739,99.22802009199259,NA,NA
309,80557,Pista Santa Lúcia,1,1,0,0,0,C71L45,5,71,45,766805047.4053739,99.22802009199259,NA,NA
310,1191,Pista 1191,1,0,0,0,0,C72L45,5,72,45,766805047.4054179,99.22802009199829,NA,NA
311,69507,Santos Dumont,1,1,0,0,1,C72L45,5,72,45,766805047.4054179,99.22802009199829,NA,NA
312,2489,Pista 2489,1,0,0,0,1,C70L46,5,70,46,767215976.8068969,99.28119620376793,NA,NA
313,203185,NA,0,1,0,0,0,C70L46,5,70,46,767215976.8068969,99.28119620376793,NA,NA
314,2490,Pista 2490,1,0,0,0,1,C71L46,5,71,46,767215976.806853,99.28119620376225,NA,NA
315,207610,NA,1,1,0,0,1,C70L47,5,70,47,767612299.3910347,99.33248212771275,NA,NA
316,2248,Pista 2248,1,0,0,0,1,C71L47,5,71,47,767612299.3909863,99.33248212770648,NA,NA
317,2441,Pista 2441,1,0,0,0,1,C71L47,5,71,47,767612299.3909863,99.33248212770648,NA,NA
318,2254,Pista 2254,1,0,0,0,1,C71L47,5,71,47,767612299.3909863,99.33248212770648,NA,NA
319,2342,Pista 2342,1,0,0,0,1,C70L47,5,70,47,767612299.3910347,99.33248212771275,NA,NA
320,69502,Pista Comunidade São Domingos,1,1,0,0,0,C71L48,5,71,48,767994007.6117377,99.38187688733431,NA,NA
321,2243,Pista 2243,1,0,0,0,0,C72L48,5,72,48,767994007.6117647,99.38187688733781,NA,NA
322,68474,Água Branca,1,1,0,0,1,C70L48,5,70,48,767994007.6117673,99.38187688733814,NA,NA
323,685600,Gana Gold Mineração,1,1,0,0,0,C70L48,5,70,48,767994007.6117673,99.38187688733814,NA,NA
324,2244,Pista 2244,1,0,0,0,1,C71L48,5,71,48,767994007.6117377,99.38187688733431,NA,NA
325,2350,Pista 2350,1,0,0,0,1,C71L48,5,71,48,767994007.6117377,99.38187688733431,NA,NA
326,2454,Pista 2454,1,0,0,0,1,C70L49,5,70,49,768361094.201322,99.42937954216167,NA,NA
327,2353,Pista 2353,1,0,0,0,1,C71L49,5,71,49,768361094.2012599,99.42937954215363,NA,NA
328,2456,Pista 2456,1,0,0,0,0,C70L49,5,70,49,768361094.201322,99.42937954216167,NA,NA
329,2458,Pista 2458,1,0,0,0,1,C70L49,5,70,49,768361094.201322,99.42937954216167,NA,NA
330,1091,Pista 1091,1,0,0,0,1,C72L49,5,72,49,768361094.2013038,99.42937954215932,NA,NA
331,890361,Nações Unidas,1,0,1,0,0,C70L49,5,70,49,768361094.201322,99.42937954216167,NA,NA
332,77969,Garimpo Tocantinzinho,1,1,0,0,1,C70L49,5,70,49,768361094.201322,99.42937954216167,NA,NA
333,9,Pista 9,1,0,0,1,1,C71L50,5,71,50,768713552.1702317,99.47498918771485,NA,NA
334,600,Pista 600,1,0,0,0,1,C72L52,5,72,52,769374555.6817666,99.56052601346398,NA,NA
335,1092,Pista 1092,1,0,0,0,1,C71L53,5,71,53,769683088.638549,99.60045156499528,NA,NA
336,1090,Pista 1090,1,0,0,0,1,C72L54,5,72,54,769976967.8038852,99.63848085004145,NA,NA
337,1646,Pista 1646,1,0,0,0,1,C72L55,5,72,55,770256187.5821012,99.67461314449704,NA,NA
338,1089,Pista 1089,1,0,0,0,0,C72L55,5,72,55,770256187.5821012,99.67461314449704,NA,NA
339,1071,Pista 1071,1,0,0,0,1,C76L39,5,76,39,764033185.4338249,98.86932869274351,NA,NA
340,1402,Pista 1402,1,0,0,0,1,C75L39,5,75,39,764033185.4338673,98.86932869274901,NA,NA
341,71445,Fazenda Jamanxin,0,1,0,0,0,C74L40,5,74,40,764531581.7088426,98.93382341113194,NA,NA
342,1332,Pista 1332,1,0,0,0,1,C76L40,5,76,40,764531581.7088039,98.93382341112692,NA,NA
343,1192,Pista 1192,1,0,0,0,0,C75L40,5,75,40,764531581.7088009,98.93382341112654,NA,NA
344,83587,Aéreo Amazônia,1,1,0,0,0,C75L40,5,75,40,764531581.7088009,98.93382341112654,NA,NA
345,2284,Pista 2284,1,0,0,0,1,C75L41,5,75,41,765015422.277683,98.99643455570991,NA,NA
346,2286,Pista 2286,1,0,0,0,1,C76L41,5,76,41,765015422.2776644,98.9964345557075,NA,NA
347,70411,Aldeia Pykany,0,1,0,0,0,C76L41,5,76,41,765015422.2776644,98.9964345557075,NA,NA
348,2283,Pista 2283,1,0,0,0,0,C75L41,5,75,41,765015422.277683,98.99643455570991,NA,NA
349,2285,Pista 2285,1,0,0,0,0,C76L41,5,76,41,765015422.2776644,98.9964345557075,NA,NA
350,1831,Pista 1831,1,0,0,0,1,C75L42,5,75,42,765484697.9280827,99.05716093436912,NA,NA
351,63,Pista 63,1,0,0,0,0,C77L42,5,77,42,765484697.9280975,99.05716093437104,NA,NA
352,1330,Pista 1330,1,0,0,0,1,C75L43,5,75,43,765939399.7249563,99.11600139086939,NA,NA
353,2291,Pista 2291,1,0,0,0,1,C76L43,5,76,43,765939399.7249609,99.11600139087,NA,NA
354,2290,Pista 2290,1,0,0,0,1,C75L43,5,75,43,765939399.7249563,99.11600139086939,NA,NA
355,59,Pista 59,1,0,0,0,1,C76L44,5,76,44,766379519.0106618,99.1729548048729,NA,NA
356,65429,Aldeia Baú,1,1,0,0,1,C76L44,5,76,44,766379519.0106618,99.1729548048729,NA,NA
357,1069,Pista 1069,1,0,0,0,1,C75L45,5,75,45,766805047.4053876,99.22802009199437,NA,NA
358,189078,Aeroporto de Novo Progresso,1,0,1,0,0,C74L45,5,74,45,766805047.4054286,99.22802009199968,NA,NA
359,1189,Pista 1189,1,0,0,0,0,C74L45,5,74,45,766805047.4054286,99.22802009199968,NA,NA
360,1196,Pista 1196,1,0,0,0,0,C74L45,5,74,45,766805047.4054286,99.22802009199968,NA,NA
361,1076,Pista 1076,1,0,0,0,1,C74L46,5,74,46,767215976.8069139,99.28119620377012,NA,NA
362,762,Pista 762,1,0,0,0,0,C76L47,5,76,47,767612299.3909822,99.33248212770596,NA,NA
363,1088,Pista 1088,1,0,0,0,1,C73L47,5,73,47,767612299.3910061,99.33248212770904,NA,NA
364,62,Pista 62,1,0,0,0,1,C76L48,5,76,48,767994007.6117101,99.38187688733075,NA,NA
365,61,Pista 61,1,0,0,0,1,C76L48,5,76,48,767994007.6117101,99.38187688733075,NA,NA
366,364500,Sítio Primavera,1,0,1,0,0,C74L48,5,74,48,767994007.6117679,99.38187688733824,NA,NA
367,969,Pista 969,1,0,0,0,1,C77L48,5,77,48,767994007.6117827,99.38187688734014,NA,NA
368,918,Pista 918,1,0,0,0,1,C77L48,5,77,48,767994007.6117827,99.38187688734014,NA,NA
369,72326,Serabi,1,1,0,0,0,C72L48,5,72,48,767994007.6117647,99.38187688733781,NA,NA
370,80233,Fazenda Beradão,0,1,0,0,0,C72L48,5,72,48,767994007.6117647,99.38187688733781,NA,NA
371,2252,Pista 2252,1,0,0,0,1,C72L48,5,72,48,767994007.6117647,99.38187688733781,NA,NA
372,51,Pista 51,1,0,0,1,1,C73L49,5,73,49,768361094.2012813,99.4293795421564,NA,NA
373,52,Pista 52,1,0,0,1,1,C74L49,5,74,49,768361094.2013183,99.4293795421612,NA,NA
374,141,Pista 141,1,0,0,0,1,C77L51,5,77,51,769051374.807812,99.51870495560497,NA,NA
375,142,Pista 142,1,0,0,0,1,C77L51,5,77,51,769051374.807812,99.51870495560497,NA,NA
376,143,Pista 143,1,0,0,0,1,C77L51,5,77,51,769051374.807812,99.51870495560497,NA,NA
377,972,Pista 972,1,0,0,0,1,C76L54,5,76,54,769976967.8038347,99.63848085003488,NA,NA
